{
    "0": {
        "precision": 0.9623824451410659,
        "recall": 0.9871382636655949,
        "f1-score": 0.9746031746031747,
        "support": 311
    },
    "1": {
        "precision": 0.975,
        "recall": 0.9957446808510638,
        "f1-score": 0.9852631578947368,
        "support": 235
    },
    "2": {
        "precision": 0.9966777408637874,
        "recall": 1.0,
        "f1-score": 0.9983361064891847,
        "support": 300
    },
    "3": {
        "precision": 0.9753086419753086,
        "recall": 0.9957983193277311,
        "f1-score": 0.9854469854469856,
        "support": 238
    },
    "4": {
        "precision": 1.0,
        "recall": 1.0,
        "f1-score": 1.0,
        "support": 311
    },
    "5": {
        "precision": 0.993485342019544,
        "recall": 0.9967320261437909,
        "f1-score": 0.9951060358890701,
        "support": 306
    },
    "6": {
        "precision": 0.91015625,
        "recall": 1.0,
        "f1-score": 0.9529652351738241,
        "support": 233
    },
    "7": {
        "precision": 0.9771986970684039,
        "recall": 1.0,
        "f1-score": 0.9884678747940692,
        "support": 300
    },
    "8": {
        "precision": 0.9921568627450981,
        "recall": 0.98828125,
        "f1-score": 0.990215264187867,
        "support": 256
    },
    "9": {
        "precision": 0.9807692307692307,
        "recall": 0.9935064935064936,
        "f1-score": 0.9870967741935484,
        "support": 308
    },
    "10": {
        "precision": 0.988929889298893,
        "recall": 0.988929889298893,
        "f1-score": 0.988929889298893,
        "support": 271
    },
    "11": {
        "precision": 0.9746376811594203,
        "recall": 1.0,
        "f1-score": 0.9871559633027522,
        "support": 269
    },
    "12": {
        "precision": 0.9897435897435898,
        "recall": 0.9948453608247423,
        "f1-score": 0.9922879177377892,
        "support": 194
    },
    "13": {
        "precision": 0.9916317991631799,
        "recall": 0.9753086419753086,
        "f1-score": 0.9834024896265561,
        "support": 243
    },
    "14": {
        "precision": 0.972972972972973,
        "recall": 0.972972972972973,
        "f1-score": 0.972972972972973,
        "support": 222
    },
    "15": {
        "precision": 0.9869281045751634,
        "recall": 0.9617834394904459,
        "f1-score": 0.9741935483870968,
        "support": 314
    },
    "16": {
        "precision": 0.9965753424657534,
        "recall": 0.9931740614334471,
        "f1-score": 0.9948717948717949,
        "support": 293
    },
    "17": {
        "precision": 0.9875,
        "recall": 0.9905956112852664,
        "f1-score": 0.9890453834115805,
        "support": 319
    },
    "18": {
        "precision": 1.0,
        "recall": 0.9967637540453075,
        "f1-score": 0.9983792544570502,
        "support": 309
    },
    "19": {
        "precision": 0.9931740614334471,
        "recall": 0.9965753424657534,
        "f1-score": 0.9948717948717949,
        "support": 292
    },
    "20": {
        "precision": 0.9963636363636363,
        "recall": 0.9513888888888888,
        "f1-score": 0.9733570159857904,
        "support": 288
    },
    "21": {
        "precision": 0.9802631578947368,
        "recall": 0.9770491803278688,
        "f1-score": 0.9786535303776682,
        "support": 305
    },
    "22": {
        "precision": 1.0,
        "recall": 0.993103448275862,
        "f1-score": 0.9965397923875432,
        "support": 290
    },
    "23": {
        "precision": 1.0,
        "recall": 0.99,
        "f1-score": 0.9949748743718593,
        "support": 300
    },
    "24": {
        "precision": 1.0,
        "recall": 0.9863481228668942,
        "f1-score": 0.993127147766323,
        "support": 293
    },
    "25": {
        "precision": 0.9964664310954063,
        "recall": 0.9791666666666666,
        "f1-score": 0.9877408056042032,
        "support": 288
    },
    "26": {
        "precision": 0.9842767295597484,
        "recall": 0.9936507936507937,
        "f1-score": 0.9889415481832543,
        "support": 315
    },
    "27": {
        "precision": 0.996875,
        "recall": 1.0,
        "f1-score": 0.9984350547730829,
        "support": 319
    },
    "28": {
        "precision": 0.9838709677419355,
        "recall": 0.9838709677419355,
        "f1-score": 0.9838709677419355,
        "support": 310
    },
    "29": {
        "precision": 0.9867549668874173,
        "recall": 1.0,
        "f1-score": 0.9933333333333334,
        "support": 298
    },
    "30": {
        "precision": 0.9932885906040269,
        "recall": 1.0,
        "f1-score": 0.9966329966329966,
        "support": 296
    },
    "31": {
        "precision": 1.0,
        "recall": 1.0,
        "f1-score": 1.0,
        "support": 297
    },
    "32": {
        "precision": 0.9967637540453075,
        "recall": 1.0,
        "f1-score": 0.9983792544570502,
        "support": 308
    },
    "33": {
        "precision": 0.9465408805031447,
        "recall": 0.9966887417218543,
        "f1-score": 0.9709677419354839,
        "support": 302
    },
    "34": {
        "precision": 0.9814814814814815,
        "recall": 0.9851301115241635,
        "f1-score": 0.9833024118738405,
        "support": 269
    },
    "35": {
        "precision": 0.9966666666666667,
        "recall": 1.0,
        "f1-score": 0.9983305509181971,
        "support": 299
    },
    "36": {
        "precision": 0.9929824561403509,
        "recall": 1.0,
        "f1-score": 0.9964788732394366,
        "support": 283
    },
    "37": {
        "precision": 0.9900990099009901,
        "recall": 0.9966777408637874,
        "f1-score": 0.9933774834437086,
        "support": 301
    },
    "38": {
        "precision": 0.993127147766323,
        "recall": 1.0,
        "f1-score": 0.996551724137931,
        "support": 289
    },
    "39": {
        "precision": 0.9933554817275747,
        "recall": 1.0,
        "f1-score": 0.9966666666666666,
        "support": 299
    },
    "40": {
        "precision": 0.9964285714285714,
        "recall": 1.0,
        "f1-score": 0.998211091234347,
        "support": 279
    },
    "41": {
        "precision": 0.9865319865319865,
        "recall": 0.9766666666666667,
        "f1-score": 0.981574539363484,
        "support": 300
    },
    "42": {
        "precision": 1.0,
        "recall": 1.0,
        "f1-score": 1.0,
        "support": 319
    },
    "43": {
        "precision": 1.0,
        "recall": 1.0,
        "f1-score": 1.0,
        "support": 304
    },
    "44": {
        "precision": 0.9927272727272727,
        "recall": 1.0,
        "f1-score": 0.9963503649635036,
        "support": 273
    },
    "45": {
        "precision": 1.0,
        "recall": 0.9969604863221885,
        "f1-score": 0.9984779299847794,
        "support": 329
    },
    "46": {
        "precision": 0.9964028776978417,
        "recall": 0.9518900343642611,
        "f1-score": 0.9736379613356766,
        "support": 291
    },
    "47": {
        "precision": 1.0,
        "recall": 1.0,
        "f1-score": 1.0,
        "support": 304
    },
    "48": {
        "precision": 1.0,
        "recall": 1.0,
        "f1-score": 1.0,
        "support": 307
    },
    "49": {
        "precision": 0.9928571428571429,
        "recall": 1.0,
        "f1-score": 0.996415770609319,
        "support": 278
    },
    "50": {
        "precision": 0.9867109634551495,
        "recall": 0.9966442953020134,
        "f1-score": 0.991652754590985,
        "support": 298
    },
    "51": {
        "precision": 1.0,
        "recall": 1.0,
        "f1-score": 1.0,
        "support": 305
    },
    "52": {
        "precision": 1.0,
        "recall": 1.0,
        "f1-score": 1.0,
        "support": 305
    },
    "53": {
        "precision": 0.9936305732484076,
        "recall": 0.9968051118210862,
        "f1-score": 0.9952153110047847,
        "support": 313
    },
    "54": {
        "precision": 1.0,