{
    "0": {
        "precision": 0.8014705882352942,
        "recall": 0.8134328358208955,
        "f1-score": 0.8074074074074075,
        "support": 134
    },
    "1": {
        "precision": 0.8461538461538461,
        "recall": 0.9862068965517241,
        "f1-score": 0.910828025477707,
        "support": 145
    },
    "2": {
        "precision": 0.9612403100775194,
        "recall": 0.9538461538461539,
        "f1-score": 0.9575289575289576,
        "support": 130
    },
    "3": {
        "precision": 0.9133858267716536,
        "recall": 0.9354838709677419,
        "f1-score": 0.9243027888446215,
        "support": 124
    },
    "4": {
        "precision": 0.8671328671328671,
        "recall": 0.992,
        "f1-score": 0.9253731343283581,
        "support": 125
    },
    "5": {
        "precision": 0.8128654970760234,
        "recall": 0.9652777777777778,
        "f1-score": 0.8825396825396826,
        "support": 144
    },
    "6": {
        "precision": 0.8818897637795275,
        "recall": 0.875,
        "f1-score": 0.8784313725490196,
        "support": 128
    },
    "7": {
        "precision": 0.9016393442622951,
        "recall": 0.9565217391304348,
        "f1-score": 0.9282700421940927,
        "support": 115
    },
    "8": {
        "precision": 0.8367346938775511,
        "recall": 0.9389312977099237,
        "f1-score": 0.8848920863309352,
        "support": 131
    },
    "9": {
        "precision": 0.87248322147651,
        "recall": 0.948905109489051,
        "f1-score": 0.9090909090909092,
        "support": 137
    },
    "10": {
        "precision": 0.7085714285714285,
        "recall": 0.9465648854961832,
        "f1-score": 0.8104575163398694,
        "support": 131
    },
    "11": {
        "precision": 0.9148936170212766,
        "recall": 0.9148936170212766,
        "f1-score": 0.9148936170212766,
        "support": 141
    },
    "12": {
        "precision": 0.8382352941176471,
        "recall": 0.9344262295081968,
        "f1-score": 0.8837209302325582,
        "support": 122
    },
    "13": {
        "precision": 0.8291139240506329,
        "recall": 0.9357142857142857,
        "f1-score": 0.8791946308724832,
        "support": 140
    },
    "14": {
        "precision": 0.8226950354609929,
        "recall": 0.9133858267716536,
        "f1-score": 0.8656716417910448,
        "support": 127
    },
    "15": {
        "precision": 0.8956521739130435,
        "recall": 0.7463768115942029,
        "f1-score": 0.8142292490118578,
        "support": 138
    },
    "16": {
        "precision": 0.9,
        "recall": 0.8244274809160306,
        "f1-score": 0.8605577689243029,
        "support": 131
    },
    "17": {
        "precision": 0.8842105263157894,
        "recall": 0.6511627906976745,
        "f1-score": 0.7500000000000001,
        "support": 129
    },
    "18": {
        "precision": 0.9770992366412213,
        "recall": 0.9411764705882353,
        "f1-score": 0.9588014981273407,
        "support": 136
    },
    "19": {
        "precision": 0.859504132231405,
        "recall": 0.7878787878787878,
        "f1-score": 0.8221343873517786,
        "support": 132
    },
    "20": {
        "precision": 0.9215686274509803,
        "recall": 0.7704918032786885,
        "f1-score": 0.8392857142857142,
        "support": 122
    },
    "21": {
        "precision": 0.7777777777777778,
        "recall": 0.8076923076923077,
        "f1-score": 0.7924528301886792,
        "support": 130
    },
    "22": {
        "precision": 0.8677685950413223,
        "recall": 0.9051724137931034,
        "f1-score": 0.8860759493670886,
        "support": 116
    },
    "23": {
        "precision": 0.9642857142857143,
        "recall": 0.8709677419354839,
        "f1-score": 0.9152542372881356,
        "support": 124
    },
    "24": {
        "precision": 0.9316239316239316,
        "recall": 0.8861788617886179,
        "f1-score": 0.9083333333333333,
        "support": 123
    },
    "25": {
        "precision": 0.7931034482758621,
        "recall": 0.8778625954198473,
        "f1-score": 0.8333333333333334,
        "support": 131
    },
    "26": {
        "precision": 0.963963963963964,
        "recall": 0.8045112781954887,
        "f1-score": 0.8770491803278688,
        "support": 133
    },
    "27": {
        "precision": 0.9829059829059829,
        "recall": 0.9274193548387096,
        "f1-score": 0.954356846473029,
        "support": 124
    },
    "28": {
        "precision": 0.9347826086956522,
        "recall": 0.7049180327868853,
        "f1-score": 0.8037383177570093,
        "support": 122
    },
    "29": {
        "precision": 0.8738738738738738,
        "recall": 0.8818181818181818,
        "f1-score": 0.8778280542986425,
        "support": 110
    },
    "30": {
        "precision": 0.8688524590163934,
        "recall": 0.8907563025210085,
        "f1-score": 0.8796680497925311,
        "support": 119
    },
    "31": {
        "precision": 0.963302752293578,
        "recall": 0.9210526315789473,
        "f1-score": 0.9417040358744395,
        "support": 114
    },
    "32": {
        "precision": 0.8880597014925373,
        "recall": 0.9296875,
        "f1-score": 0.9083969465648856,
        "support": 128
    },
    "33": {
        "precision": 0.8373983739837398,
        "recall": 0.865546218487395,
        "f1-score": 0.8512396694214875,
        "support": 119
    },
    "34": {
        "precision": 0.8031496062992126,
        "recall": 0.8717948717948718,
        "f1-score": 0.8360655737704918,
        "support": 117
    },
    "35": {
        "precision": 0.9435483870967742,
        "recall": 0.9512195121951219,
        "f1-score": 0.9473684210526316,
        "support": 123
    },
    "36": {
        "precision": 0.905511811023622,
        "recall": 0.8846153846153846,
        "f1-score": 0.8949416342412451,
        "support": 130
    },
    "37": {
        "precision": 0.8896551724137931,
        "recall": 0.9084507042253521,
        "f1-score": 0.8989547038327526,
        "support": 142
    },
    "38": {
        "precision": 0.8657718120805369,
        "recall": 0.9347826086956522,
        "f1-score": 0.8989547038327527,
        "support": 138
    },
    "39": {
        "precision": 0.8828125,
        "recall": 0.875968992248062,
        "f1-score": 0.8793774319066148,
        "support": 129
    },
    "40": {
        "precision": 0.8768115942028986,
        "recall": 0.9236641221374046,
        "f1-score": 0.8996282527881041,
        "support": 131
    },
    "41": {
        "precision": 0.954954954954955,
        "recall": 0.7737226277372263,
        "f1-score": 0.8548387096774194,
        "support": 137
    },
    "42": {
        "precision": 0.95,
        "recall": 0.8260869565217391,
        "f1-score": 0.8837209302325583,
        "support": 115
    },
    "43": {
        "precision": 0.9830508474576272,
        "recall": 0.8467153284671532,
        "f1-score": 0.9098039215686275,
        "support": 137
    },
    "44": {
        "precision": 0.8666666666666667,
        "recall": 0.8739495798319328,
        "f1-score": 0.8702928870292886,
        "support": 119
    },
    "45": {
        "precision": 0.943089430894309,
        "recall": 0.8721804511278195,
        "f1-score": 0.90625,
        "support": 133
    },
    "46": {
        "precision": 0.8682170542635659,
        "recall": 0.8296296296296296,
        "f1-score": 0.8484848484848484,
        "support": 135
    },
    "47": {
        "precision": 0.9915966386554622,
        "recall": 0.959349593495935,
        "f1-score": 0.9752066115702479,
        "support": 123
    },
    "48": {
        "precision": 0.8787878787878788,
        "recall": 0.90625,
        "f1-score": 0.8923076923076922,
        "support": 128
    },
    "49": {
        "precision": 0.9696969696969697,
        "recall": 0.9624060150375939,
        "f1-score": 0.9660377358490566,
        "support": 133
    },
    "50": {
        "precision": 0.8321167883211679,