{
    "0": {
        "precision": 0.8134328358208955,
        "recall": 0.8134328358208955,
        "f1-score": 0.8134328358208955,
        "support": 134
    },
    "1": {
        "precision": 0.8511904761904762,
        "recall": 0.9862068965517241,
        "f1-score": 0.913738019169329,
        "support": 145
    },
    "2": {
        "precision": 0.9457364341085271,
        "recall": 0.9384615384615385,
        "f1-score": 0.942084942084942,
        "support": 130
    },
    "3": {
        "precision": 0.9186991869918699,
        "recall": 0.9112903225806451,
        "f1-score": 0.9149797570850201,
        "support": 124
    },
    "4": {
        "precision": 0.8601398601398601,
        "recall": 0.984,
        "f1-score": 0.9179104477611941,
        "support": 125
    },
    "5": {
        "precision": 0.8192771084337349,
        "recall": 0.9444444444444444,
        "f1-score": 0.8774193548387097,
        "support": 144
    },
    "6": {
        "precision": 0.8345864661654135,
        "recall": 0.8671875,
        "f1-score": 0.8505747126436781,
        "support": 128
    },
    "7": {
        "precision": 0.923728813559322,
        "recall": 0.9478260869565217,
        "f1-score": 0.9356223175965666,
        "support": 115
    },
    "8": {
        "precision": 0.8551724137931035,
        "recall": 0.9465648854961832,
        "f1-score": 0.8985507246376812,
        "support": 131
    },
    "9": {
        "precision": 0.9090909090909091,
        "recall": 0.948905109489051,
        "f1-score": 0.9285714285714285,
        "support": 137
    },
    "10": {
        "precision": 0.7109826589595376,
        "recall": 0.9389312977099237,
        "f1-score": 0.8092105263157896,
        "support": 131
    },
    "11": {
        "precision": 0.8775510204081632,
        "recall": 0.9148936170212766,
        "f1-score": 0.8958333333333333,
        "support": 141
    },
    "12": {
        "precision": 0.841726618705036,
        "recall": 0.9590163934426229,
        "f1-score": 0.8965517241379309,
        "support": 122
    },
    "13": {
        "precision": 0.8571428571428571,
        "recall": 0.9428571428571428,
        "f1-score": 0.8979591836734694,
        "support": 140
    },
    "14": {
        "precision": 0.8333333333333334,
        "recall": 0.905511811023622,
        "f1-score": 0.8679245283018868,
        "support": 127
    },
    "15": {
        "precision": 0.9043478260869565,
        "recall": 0.7536231884057971,
        "f1-score": 0.8221343873517787,
        "support": 138
    },
    "16": {
        "precision": 0.9009009009009009,
        "recall": 0.7633587786259542,
        "f1-score": 0.8264462809917356,
        "support": 131
    },
    "17": {
        "precision": 0.8979591836734694,
        "recall": 0.6821705426356589,
        "f1-score": 0.7753303964757708,
        "support": 129
    },
    "18": {
        "precision": 0.9618320610687023,
        "recall": 0.9264705882352942,
        "f1-score": 0.9438202247191011,
        "support": 136
    },
    "19": {
        "precision": 0.8307692307692308,
        "recall": 0.8181818181818182,
        "f1-score": 0.8244274809160306,
        "support": 132
    },
    "20": {
        "precision": 0.8962264150943396,
        "recall": 0.7786885245901639,
        "f1-score": 0.8333333333333333,
        "support": 122
    },
    "21": {
        "precision": 0.803030303030303,
        "recall": 0.8153846153846154,
        "f1-score": 0.8091603053435115,
        "support": 130
    },
    "22": {
        "precision": 0.8991596638655462,
        "recall": 0.9224137931034483,
        "f1-score": 0.9106382978723405,
        "support": 116
    },
    "23": {
        "precision": 0.9385964912280702,
        "recall": 0.8629032258064516,
        "f1-score": 0.8991596638655464,
        "support": 124
    },
    "24": {
        "precision": 0.923728813559322,
        "recall": 0.8861788617886179,
        "f1-score": 0.9045643153526971,
        "support": 123
    },
    "25": {
        "precision": 0.8125,
        "recall": 0.8931297709923665,
        "f1-score": 0.850909090909091,
        "support": 131
    },
    "26": {
        "precision": 0.990909090909091,
        "recall": 0.8195488721804511,
        "f1-score": 0.897119341563786,
        "support": 133
    },
    "27": {
        "precision": 0.9669421487603306,
        "recall": 0.9435483870967742,
        "f1-score": 0.9551020408163265,
        "support": 124
    },
    "28": {
        "precision": 0.9347826086956522,
        "recall": 0.7049180327868853,
        "f1-score": 0.8037383177570093,
        "support": 122
    },
    "29": {
        "precision": 0.8448275862068966,
        "recall": 0.8909090909090909,
        "f1-score": 0.8672566371681416,
        "support": 110
    },
    "30": {
        "precision": 0.8629032258064516,
        "recall": 0.8991596638655462,
        "f1-score": 0.8806584362139918,
        "support": 119
    },
    "31": {
        "precision": 0.9459459459459459,
        "recall": 0.9210526315789473,
        "f1-score": 0.9333333333333332,
        "support": 114
    },
    "32": {
        "precision": 0.9,
        "recall": 0.9140625,
        "f1-score": 0.9069767441860466,
        "support": 128
    },
    "33": {
        "precision": 0.8031496062992126,
        "recall": 0.8571428571428571,
        "f1-score": 0.8292682926829269,
        "support": 119
    },
    "34": {
        "precision": 0.796875,
        "recall": 0.8717948717948718,
        "f1-score": 0.8326530612244898,
        "support": 117
    },
    "35": {
        "precision": 0.9296875,
        "recall": 0.967479674796748,
        "f1-score": 0.9482071713147411,
        "support": 123
    },
    "36": {
        "precision": 0.9016393442622951,
        "recall": 0.8461538461538461,
        "f1-score": 0.873015873015873,
        "support": 130
    },
    "37": {
        "precision": 0.8904109589041096,
        "recall": 0.9154929577464789,
        "f1-score": 0.9027777777777778,
        "support": 142
    },
    "38": {
        "precision": 0.8543046357615894,
        "recall": 0.9347826086956522,
        "f1-score": 0.8927335640138409,
        "support": 138
    },
    "39": {
        "precision": 0.8602941176470589,
        "recall": 0.9069767441860465,
        "f1-score": 0.8830188679245283,
        "support": 129
    },
    "40": {
        "precision": 0.9104477611940298,
        "recall": 0.9312977099236641,
        "f1-score": 0.9207547169811321,
        "support": 131
    },
    "41": {
        "precision": 0.9553571428571429,
        "recall": 0.781021897810219,
        "f1-score": 0.8594377510040162,
        "support": 137
    },
    "42": {
        "precision": 0.9494949494949495,
        "recall": 0.8173913043478261,
        "f1-score": 0.8785046728971964,
        "support": 115
    },
    "43": {
        "precision": 0.9915254237288136,
        "recall": 0.8540145985401459,
        "f1-score": 0.9176470588235295,
        "support": 137
    },
    "44": {
        "precision": 0.8983050847457628,
        "recall": 0.8907563025210085,
        "f1-score": 0.8945147679324895,
        "support": 119
    },
    "45": {
        "precision": 0.928,
        "recall": 0.8721804511278195,
        "f1-score": 0.8992248062015503,
        "support": 133
    },
    "46": {
        "precision": 0.8837209302325582,
        "recall": 0.8444444444444444,
        "f1-score": 0.8636363636363636,
        "support": 135
    },
    "47": {
        "precision": 0.9752066115702479,
        "recall": 0.959349593495935,
        "f1-score": 0.9672131147540983,
        "support": 123
    },
    "48": {
        "precision": 0.8796992481203008,
        "recall": 0.9140625,
        "f1-score": 0.896551724137931,
        "support": 128
    },
    "49": {
        "precision": 0.9626865671641791,
        "recall": 0.9699248120300752,
        "f1-score": 0.9662921348314607,
        "support": 133
    },
    "50": {
        "precision": 0.8467153284671532,