{
    "0": {
        "precision": 0.6041666666666666,
        "recall": 0.6492537313432836,
        "f1-score": 0.6258992805755396,
        "support": 134
    },
    "1": {
        "precision": 0.7142857142857143,
        "recall": 0.8620689655172413,
        "f1-score": 0.7812500000000001,
        "support": 145
    },
    "2": {
        "precision": 0.944954128440367,
        "recall": 0.7923076923076923,
        "f1-score": 0.8619246861924686,
        "support": 130
    },
    "3": {
        "precision": 0.8015267175572519,
        "recall": 0.8467741935483871,
        "f1-score": 0.8235294117647058,
        "support": 124
    },
    "4": {
        "precision": 0.7716535433070866,
        "recall": 0.784,
        "f1-score": 0.7777777777777778,
        "support": 125
    },
    "5": {
        "precision": 0.7635135135135135,
        "recall": 0.7847222222222222,
        "f1-score": 0.773972602739726,
        "support": 144
    },
    "6": {
        "precision": 0.7142857142857143,
        "recall": 0.6640625,
        "f1-score": 0.6882591093117408,
        "support": 128
    },
    "7": {
        "precision": 0.8818181818181818,
        "recall": 0.8434782608695652,
        "f1-score": 0.8622222222222222,
        "support": 115
    },
    "8": {
        "precision": 0.5827338129496403,
        "recall": 0.6183206106870229,
        "f1-score": 0.6000000000000001,
        "support": 131
    },
    "9": {
        "precision": 0.7832167832167832,
        "recall": 0.8175182481751825,
        "f1-score": 0.8,
        "support": 137
    },
    "10": {
        "precision": 0.49193548387096775,
        "recall": 0.46564885496183206,
        "f1-score": 0.47843137254901963,
        "support": 131
    },
    "11": {
        "precision": 0.7597402597402597,
        "recall": 0.8297872340425532,
        "f1-score": 0.7932203389830509,
        "support": 141
    },
    "12": {
        "precision": 0.8467741935483871,
        "recall": 0.860655737704918,
        "f1-score": 0.853658536585366,
        "support": 122
    },
    "13": {
        "precision": 0.8014184397163121,
        "recall": 0.8071428571428572,
        "f1-score": 0.804270462633452,
        "support": 140
    },
    "14": {
        "precision": 0.8037383177570093,
        "recall": 0.6771653543307087,
        "f1-score": 0.7350427350427351,
        "support": 127
    },
    "15": {
        "precision": 0.6453900709219859,
        "recall": 0.6594202898550725,
        "f1-score": 0.6523297491039428,
        "support": 138
    },
    "16": {
        "precision": 0.5080645161290323,
        "recall": 0.48091603053435117,
        "f1-score": 0.4941176470588235,
        "support": 131
    },
    "17": {
        "precision": 0.44696969696969696,
        "recall": 0.4573643410852713,
        "f1-score": 0.4521072796934866,
        "support": 129
    },
    "18": {
        "precision": 0.7318840579710145,
        "recall": 0.7426470588235294,
        "f1-score": 0.7372262773722628,
        "support": 136
    },
    "19": {
        "precision": 0.5590551181102362,
        "recall": 0.5378787878787878,
        "f1-score": 0.5482625482625482,
        "support": 132
    },
    "20": {
        "precision": 0.7807017543859649,
        "recall": 0.7295081967213115,
        "f1-score": 0.7542372881355933,
        "support": 122
    },
    "21": {
        "precision": 0.5714285714285714,
        "recall": 0.6153846153846154,
        "f1-score": 0.5925925925925927,
        "support": 130
    },
    "22": {
        "precision": 0.8440366972477065,
        "recall": 0.7931034482758621,
        "f1-score": 0.8177777777777778,
        "support": 116
    },
    "23": {
        "precision": 0.6793893129770993,
        "recall": 0.717741935483871,
        "f1-score": 0.6980392156862745,
        "support": 124
    },
    "24": {
        "precision": 0.664,
        "recall": 0.6747967479674797,
        "f1-score": 0.6693548387096774,
        "support": 123
    },
    "25": {
        "precision": 0.6446280991735537,
        "recall": 0.5954198473282443,
        "f1-score": 0.6190476190476191,
        "support": 131
    },
    "26": {
        "precision": 0.7204301075268817,
        "recall": 0.5037593984962406,
        "f1-score": 0.5929203539823008,
        "support": 133
    },
    "27": {
        "precision": 0.704,
        "recall": 0.7096774193548387,
        "f1-score": 0.7068273092369478,
        "support": 124
    },
    "28": {
        "precision": 0.5161290322580645,
        "recall": 0.39344262295081966,
        "f1-score": 0.44651162790697674,
        "support": 122
    },
    "29": {
        "precision": 0.6956521739130435,
        "recall": 0.5818181818181818,
        "f1-score": 0.6336633663366337,
        "support": 110
    },
    "30": {
        "precision": 0.7024793388429752,
        "recall": 0.7142857142857143,
        "f1-score": 0.7083333333333334,
        "support": 119
    },
    "31": {
        "precision": 0.7627118644067796,
        "recall": 0.7894736842105263,
        "f1-score": 0.7758620689655172,
        "support": 114
    },
    "32": {
        "precision": 0.7578125,
        "recall": 0.7578125,
        "f1-score": 0.7578125,
        "support": 128
    },
    "33": {
        "precision": 0.7596899224806202,
        "recall": 0.8235294117647058,
        "f1-score": 0.7903225806451613,
        "support": 119
    },
    "34": {
        "precision": 0.7373737373737373,
        "recall": 0.6239316239316239,
        "f1-score": 0.6759259259259258,
        "support": 117
    },
    "35": {
        "precision": 0.7703703703703704,
        "recall": 0.8455284552845529,
        "f1-score": 0.806201550387597,
        "support": 123
    },
    "36": {
        "precision": 0.6503496503496503,
        "recall": 0.7153846153846154,
        "f1-score": 0.6813186813186813,
        "support": 130
    },
    "37": {
        "precision": 0.6845637583892618,
        "recall": 0.7183098591549296,
        "f1-score": 0.7010309278350516,
        "support": 142
    },
    "38": {
        "precision": 0.6040268456375839,
        "recall": 0.6521739130434783,
        "f1-score": 0.6271777003484321,
        "support": 138
    },
    "39": {
        "precision": 0.6319444444444444,
        "recall": 0.7054263565891473,
        "f1-score": 0.6666666666666666,
        "support": 129
    },
    "40": {
        "precision": 0.6513157894736842,
        "recall": 0.7557251908396947,
        "f1-score": 0.6996466431095406,
        "support": 131
    },
    "41": {
        "precision": 0.6330935251798561,
        "recall": 0.6423357664233577,
        "f1-score": 0.6376811594202898,
        "support": 137
    },
    "42": {
        "precision": 0.5625,
        "recall": 0.6260869565217392,
        "f1-score": 0.5925925925925927,
        "support": 115
    },
    "43": {
        "precision": 0.8469387755102041,
        "recall": 0.6058394160583942,
        "f1-score": 0.7063829787234043,
        "support": 137
    },
    "44": {
        "precision": 0.5887096774193549,
        "recall": 0.6134453781512605,
        "f1-score": 0.6008230452674898,
        "support": 119
    },
    "45": {
        "precision": 0.7096774193548387,
        "recall": 0.6616541353383458,
        "f1-score": 0.6848249027237354,
        "support": 133
    },
    "46": {
        "precision": 0.723404255319149,
        "recall": 0.5037037037037037,
        "f1-score": 0.593886462882096,
        "support": 135
    },
    "47": {
        "precision": 0.7909090909090909,
        "recall": 0.7073170731707317,
        "f1-score": 0.7467811158798283,
        "support": 123
    },
    "48": {
        "precision": 0.553030303030303,
        "recall": 0.5703125,
        "f1-score": 0.5615384615384615,
        "support": 128
    },
    "49": {
        "precision": 0.6492537313432836,
        "recall": 0.6541353383458647,
        "f1-score": 0.6516853932584269,
        "support": 133
    },
    "50": {
        "precision": 0.47058823529411764,