{
    "0": {
        "precision": 0.9461538461538461,
        "recall": 0.917910447761194,
        "f1-score": 0.9318181818181818,
        "support": 134
    },
    "1": {
        "precision": 0.9354838709677419,
        "recall": 1.0,
        "f1-score": 0.9666666666666666,
        "support": 145
    },
    "2": {
        "precision": 0.9772727272727273,
        "recall": 0.9923076923076923,
        "f1-score": 0.9847328244274809,
        "support": 130
    },
    "3": {
        "precision": 0.9841269841269841,
        "recall": 1.0,
        "f1-score": 0.9919999999999999,
        "support": 124
    },
    "4": {
        "precision": 0.9919354838709677,
        "recall": 0.984,
        "f1-score": 0.9879518072289156,
        "support": 125
    },
    "5": {
        "precision": 0.9930555555555556,
        "recall": 0.9930555555555556,
        "f1-score": 0.9930555555555556,
        "support": 144
    },
    "6": {
        "precision": 0.920863309352518,
        "recall": 1.0,
        "f1-score": 0.9588014981273408,
        "support": 128
    },
    "7": {
        "precision": 0.957983193277311,
        "recall": 0.991304347826087,
        "f1-score": 0.9743589743589743,
        "support": 115
    },
    "8": {
        "precision": 0.9923664122137404,
        "recall": 0.9923664122137404,
        "f1-score": 0.9923664122137404,
        "support": 131
    },
    "9": {
        "precision": 0.9850746268656716,
        "recall": 0.9635036496350365,
        "f1-score": 0.9741697416974171,
        "support": 137
    },
    "10": {
        "precision": 0.96875,
        "recall": 0.9465648854961832,
        "f1-score": 0.9575289575289575,
        "support": 131
    },
    "11": {
        "precision": 1.0,
        "recall": 0.9078014184397163,
        "f1-score": 0.9516728624535316,
        "support": 141
    },
    "12": {
        "precision": 0.9682539682539683,
        "recall": 1.0,
        "f1-score": 0.9838709677419354,
        "support": 122
    },
    "13": {
        "precision": 0.9722222222222222,
        "recall": 1.0,
        "f1-score": 0.9859154929577464,
        "support": 140
    },
    "14": {
        "precision": 0.9752066115702479,
        "recall": 0.9291338582677166,
        "f1-score": 0.9516129032258065,
        "support": 127
    },
    "15": {
        "precision": 0.9769230769230769,
        "recall": 0.9202898550724637,
        "f1-score": 0.9477611940298507,
        "support": 138
    },
    "16": {
        "precision": 0.9699248120300752,
        "recall": 0.9847328244274809,
        "f1-score": 0.9772727272727273,
        "support": 131
    },
    "17": {
        "precision": 0.9130434782608695,
        "recall": 0.9767441860465116,
        "f1-score": 0.9438202247191011,
        "support": 129
    },
    "18": {
        "precision": 1.0,
        "recall": 1.0,
        "f1-score": 1.0,
        "support": 136
    },
    "19": {
        "precision": 0.9919354838709677,
        "recall": 0.9318181818181818,
        "f1-score": 0.9609375,
        "support": 132
    },
    "20": {
        "precision": 0.9090909090909091,
        "recall": 0.9836065573770492,
        "f1-score": 0.9448818897637795,
        "support": 122
    },
    "21": {
        "precision": 0.8819444444444444,
        "recall": 0.9769230769230769,
        "f1-score": 0.927007299270073,
        "support": 130
    },
    "22": {
        "precision": 1.0,
        "recall": 0.9827586206896551,
        "f1-score": 0.9913043478260869,
        "support": 116
    },
    "23": {
        "precision": 0.9919354838709677,
        "recall": 0.9919354838709677,
        "f1-score": 0.9919354838709677,
        "support": 124
    },
    "24": {
        "precision": 0.9669421487603306,
        "recall": 0.9512195121951219,
        "f1-score": 0.9590163934426229,
        "support": 123
    },
    "25": {
        "precision": 0.9701492537313433,
        "recall": 0.9923664122137404,
        "f1-score": 0.9811320754716981,
        "support": 131
    },
    "26": {
        "precision": 1.0,
        "recall": 0.9097744360902256,
        "f1-score": 0.952755905511811,
        "support": 133
    },
    "27": {
        "precision": 1.0,
        "recall": 1.0,
        "f1-score": 1.0,
        "support": 124
    },
    "28": {
        "precision": 0.9827586206896551,
        "recall": 0.9344262295081968,
        "f1-score": 0.9579831932773109,
        "support": 122
    },
    "29": {
        "precision": 0.9401709401709402,
        "recall": 1.0,
        "f1-score": 0.9691629955947136,
        "support": 110
    },
    "30": {
        "precision": 1.0,
        "recall": 0.9915966386554622,
        "f1-score": 0.9957805907172996,
        "support": 119
    },
    "31": {
        "precision": 0.9743589743589743,
        "recall": 1.0,
        "f1-score": 0.9870129870129869,
        "support": 114
    },
    "32": {
        "precision": 0.9694656488549618,
        "recall": 0.9921875,
        "f1-score": 0.9806949806949806,
        "support": 128
    },
    "33": {
        "precision": 0.9821428571428571,
        "recall": 0.9243697478991597,
        "f1-score": 0.9523809523809523,
        "support": 119
    },
    "34": {
        "precision": 0.9914529914529915,
        "recall": 0.9914529914529915,
        "f1-score": 0.9914529914529915,
        "support": 117
    },
    "35": {
        "precision": 1.0,
        "recall": 1.0,
        "f1-score": 1.0,
        "support": 123
    },
    "36": {
        "precision": 0.9558823529411765,
        "recall": 1.0,
        "f1-score": 0.9774436090225563,
        "support": 130
    },
    "37": {
        "precision": 1.0,
        "recall": 0.971830985915493,
        "f1-score": 0.9857142857142858,
        "support": 142
    },
    "38": {
        "precision": 0.9517241379310345,
        "recall": 1.0,
        "f1-score": 0.9752650176678445,
        "support": 138
    },
    "39": {
        "precision": 0.9624060150375939,
        "recall": 0.9922480620155039,
        "f1-score": 0.9770992366412213,
        "support": 129
    },
    "40": {
        "precision": 0.9923664122137404,
        "recall": 0.9923664122137404,
        "f1-score": 0.9923664122137404,
        "support": 131
    },
    "41": {
        "precision": 0.9513888888888888,
        "recall": 1.0,
        "f1-score": 0.9750889679715302,
        "support": 137
    },
    "42": {
        "precision": 0.9913793103448276,
        "recall": 1.0,
        "f1-score": 0.9956709956709957,
        "support": 115
    },
    "43": {
        "precision": 1.0,
        "recall": 0.9927007299270073,
        "f1-score": 0.9963369963369962,
        "support": 137
    },
    "44": {
        "precision": 0.9672131147540983,
        "recall": 0.9915966386554622,
        "f1-score": 0.979253112033195,
        "support": 119
    },
    "45": {
        "precision": 1.0,
        "recall": 0.9473684210526315,
        "f1-score": 0.972972972972973,
        "support": 133
    },
    "46": {
        "precision": 1.0,
        "recall": 0.9481481481481482,
        "f1-score": 0.973384030418251,
        "support": 135
    },
    "47": {
        "precision": 0.991869918699187,
        "recall": 0.991869918699187,
        "f1-score": 0.991869918699187,
        "support": 123
    },
    "48": {
        "precision": 0.9770992366412213,
        "recall": 1.0,
        "f1-score": 0.9884169884169884,
        "support": 128
    },
    "49": {
        "precision": 1.0,
        "recall": 1.0,
        "f1-score": 1.0,
        "support": 133
    },
    "50": {
        "precision": 0.9461538461538461,
        "recall": 0.984,
        "f1-score": 0.9647058823529412,
        "support": 125
    },
    "51": {
        "precision": 1.0,
        "recall": 1.0,
        "f1-score": 1.0,
        "support": 140
    },
    "52": {
        "precision": 1.0,
        "recall": 0.9921875,
        "f1-score": 0.996078431372549,
        "support": 128
    },
    "53": {
        "precision": 1.0,
        "recall": 0.9833333333333333,