{
    "0": {
        "precision": 0.6170212765957447,
        "recall": 0.6492537313432836,
        "f1-score": 0.6327272727272727,
        "support": 134
    },
    "1": {
        "precision": 0.7102272727272727,
        "recall": 0.8620689655172413,
        "f1-score": 0.778816199376947,
        "support": 145
    },
    "2": {
        "precision": 0.9719626168224299,
        "recall": 0.8,
        "f1-score": 0.8776371308016878,
        "support": 130
    },
    "3": {
        "precision": 0.7954545454545454,
        "recall": 0.8467741935483871,
        "f1-score": 0.8203125000000001,
        "support": 124
    },
    "4": {
        "precision": 0.76,
        "recall": 0.76,
        "f1-score": 0.76,
        "support": 125
    },
    "5": {
        "precision": 0.7635135135135135,
        "recall": 0.7847222222222222,
        "f1-score": 0.773972602739726,
        "support": 144
    },
    "6": {
        "precision": 0.711864406779661,
        "recall": 0.65625,
        "f1-score": 0.6829268292682927,
        "support": 128
    },
    "7": {
        "precision": 0.8181818181818182,
        "recall": 0.8608695652173913,
        "f1-score": 0.8389830508474576,
        "support": 115
    },
    "8": {
        "precision": 0.5827338129496403,
        "recall": 0.6183206106870229,
        "f1-score": 0.6000000000000001,
        "support": 131
    },
    "9": {
        "precision": 0.7602739726027398,
        "recall": 0.8102189781021898,
        "f1-score": 0.784452296819788,
        "support": 137
    },
    "10": {
        "precision": 0.5,
        "recall": 0.46564885496183206,
        "f1-score": 0.48221343873517786,
        "support": 131
    },
    "11": {
        "precision": 0.7718120805369127,
        "recall": 0.8156028368794326,
        "f1-score": 0.793103448275862,
        "support": 141
    },
    "12": {
        "precision": 0.8455284552845529,
        "recall": 0.8524590163934426,
        "f1-score": 0.8489795918367347,
        "support": 122
    },
    "13": {
        "precision": 0.8014184397163121,
        "recall": 0.8071428571428572,
        "f1-score": 0.804270462633452,
        "support": 140
    },
    "14": {
        "precision": 0.7727272727272727,
        "recall": 0.6692913385826772,
        "f1-score": 0.7172995780590717,
        "support": 127
    },
    "15": {
        "precision": 0.6642335766423357,
        "recall": 0.6594202898550725,
        "f1-score": 0.6618181818181817,
        "support": 138
    },
    "16": {
        "precision": 0.49230769230769234,
        "recall": 0.48854961832061067,
        "f1-score": 0.49042145593869735,
        "support": 131
    },
    "17": {
        "precision": 0.44029850746268656,
        "recall": 0.4573643410852713,
        "f1-score": 0.44866920152091255,
        "support": 129
    },
    "18": {
        "precision": 0.7153284671532847,
        "recall": 0.7205882352941176,
        "f1-score": 0.7179487179487181,
        "support": 136
    },
    "19": {
        "precision": 0.5461538461538461,
        "recall": 0.5378787878787878,
        "f1-score": 0.5419847328244274,
        "support": 132
    },
    "20": {
        "precision": 0.7807017543859649,
        "recall": 0.7295081967213115,
        "f1-score": 0.7542372881355933,
        "support": 122
    },
    "21": {
        "precision": 0.5633802816901409,
        "recall": 0.6153846153846154,
        "f1-score": 0.5882352941176471,
        "support": 130
    },
    "22": {
        "precision": 0.8440366972477065,
        "recall": 0.7931034482758621,
        "f1-score": 0.8177777777777778,
        "support": 116
    },
    "23": {
        "precision": 0.6716417910447762,
        "recall": 0.7258064516129032,
        "f1-score": 0.6976744186046512,
        "support": 124
    },
    "24": {
        "precision": 0.6535433070866141,
        "recall": 0.6747967479674797,
        "f1-score": 0.664,
        "support": 123
    },
    "25": {
        "precision": 0.6495726495726496,
        "recall": 0.5801526717557252,
        "f1-score": 0.6129032258064516,
        "support": 131
    },
    "26": {
        "precision": 0.7157894736842105,
        "recall": 0.5112781954887218,
        "f1-score": 0.5964912280701754,
        "support": 133
    },
    "27": {
        "precision": 0.7007874015748031,
        "recall": 0.717741935483871,
        "f1-score": 0.7091633466135457,
        "support": 124
    },
    "28": {
        "precision": 0.5052631578947369,
        "recall": 0.39344262295081966,
        "f1-score": 0.44239631336405527,
        "support": 122
    },
    "29": {
        "precision": 0.6976744186046512,
        "recall": 0.5454545454545454,
        "f1-score": 0.6122448979591837,
        "support": 110
    },
    "30": {
        "precision": 0.7024793388429752,
        "recall": 0.7142857142857143,
        "f1-score": 0.7083333333333334,
        "support": 119
    },
    "31": {
        "precision": 0.75,
        "recall": 0.7894736842105263,
        "f1-score": 0.7692307692307692,
        "support": 114
    },
    "32": {
        "precision": 0.751937984496124,
        "recall": 0.7578125,
        "f1-score": 0.754863813229572,
        "support": 128
    },
    "33": {
        "precision": 0.7615384615384615,
        "recall": 0.8319327731092437,
        "f1-score": 0.7951807228915662,
        "support": 119
    },
    "34": {
        "precision": 0.7373737373737373,
        "recall": 0.6239316239316239,
        "f1-score": 0.6759259259259258,
        "support": 117
    },
    "35": {
        "precision": 0.7681159420289855,
        "recall": 0.8617886178861789,
        "f1-score": 0.8122605363984675,
        "support": 123
    },
    "36": {
        "precision": 0.6458333333333334,
        "recall": 0.7153846153846154,
        "f1-score": 0.6788321167883212,
        "support": 130
    },
    "37": {
        "precision": 0.6845637583892618,
        "recall": 0.7183098591549296,
        "f1-score": 0.7010309278350516,
        "support": 142
    },
    "38": {
        "precision": 0.5960264900662252,
        "recall": 0.6521739130434783,
        "f1-score": 0.6228373702422144,
        "support": 138
    },
    "39": {
        "precision": 0.6453900709219859,
        "recall": 0.7054263565891473,
        "f1-score": 0.674074074074074,
        "support": 129
    },
    "40": {
        "precision": 0.6387096774193548,
        "recall": 0.7557251908396947,
        "f1-score": 0.6923076923076923,
        "support": 131
    },
    "41": {
        "precision": 0.6376811594202898,
        "recall": 0.6423357664233577,
        "f1-score": 0.64,
        "support": 137
    },
    "42": {
        "precision": 0.5367647058823529,
        "recall": 0.6347826086956522,
        "f1-score": 0.5816733067729084,
        "support": 115
    },
    "43": {
        "precision": 0.8469387755102041,
        "recall": 0.6058394160583942,
        "f1-score": 0.7063829787234043,
        "support": 137
    },
    "44": {
        "precision": 0.5887096774193549,
        "recall": 0.6134453781512605,
        "f1-score": 0.6008230452674898,
        "support": 119
    },
    "45": {
        "precision": 0.704,
        "recall": 0.6616541353383458,
        "f1-score": 0.6821705426356589,
        "support": 133
    },
    "46": {
        "precision": 0.723404255319149,
        "recall": 0.5037037037037037,
        "f1-score": 0.593886462882096,
        "support": 135
    },
    "47": {
        "precision": 0.7909090909090909,
        "recall": 0.7073170731707317,
        "f1-score": 0.7467811158798283,
        "support": 123
    },
    "48": {
        "precision": 0.5514705882352942,
        "recall": 0.5859375,
        "f1-score": 0.5681818181818182,
        "support": 128
    },
    "49": {
        "precision": 0.6492537313432836,
        "recall": 0.6541353383458647,
        "f1-score": 0.6516853932584269,
        "support": 133
    },
    "50": {
        "precision": 0.4715447154471545,
        "recall": 0.464,