{
    "0": {
        "precision": 0.9694656488549618,
        "recall": 0.9477611940298507,
        "f1-score": 0.9584905660377357,
        "support": 134
    },
    "1": {
        "precision": 0.9645390070921985,
        "recall": 0.9379310344827586,
        "f1-score": 0.951048951048951,
        "support": 145
    },
    "2": {
        "precision": 1.0,
        "recall": 0.9076923076923077,
        "f1-score": 0.9516129032258065,
        "support": 130
    },
    "3": {
        "precision": 0.984,
        "recall": 0.9919354838709677,
        "f1-score": 0.9879518072289156,
        "support": 124
    },
    "4": {
        "precision": 0.9917355371900827,
        "recall": 0.96,
        "f1-score": 0.975609756097561,
        "support": 125
    },
    "5": {
        "precision": 0.9929577464788732,
        "recall": 0.9791666666666666,
        "f1-score": 0.9860139860139859,
        "support": 144
    },
    "6": {
        "precision": 0.9922480620155039,
        "recall": 1.0,
        "f1-score": 0.9961089494163424,
        "support": 128
    },
    "7": {
        "precision": 0.9824561403508771,
        "recall": 0.9739130434782609,
        "f1-score": 0.9781659388646288,
        "support": 115
    },
    "8": {
        "precision": 0.9629629629629629,
        "recall": 0.9923664122137404,
        "f1-score": 0.9774436090225563,
        "support": 131
    },
    "9": {
        "precision": 0.9714285714285714,
        "recall": 0.9927007299270073,
        "f1-score": 0.9819494584837546,
        "support": 137
    },
    "10": {
        "precision": 0.8783783783783784,
        "recall": 0.9923664122137404,
        "f1-score": 0.931899641577061,
        "support": 131
    },
    "11": {
        "precision": 1.0,
        "recall": 0.9148936170212766,
        "f1-score": 0.9555555555555556,
        "support": 141
    },
    "12": {
        "precision": 0.991304347826087,
        "recall": 0.9344262295081968,
        "f1-score": 0.9620253164556962,
        "support": 122
    },
    "13": {
        "precision": 1.0,
        "recall": 0.9785714285714285,
        "f1-score": 0.9891696750902527,
        "support": 140
    },
    "14": {
        "precision": 1.0,
        "recall": 0.968503937007874,
        "f1-score": 0.9839999999999999,
        "support": 127
    },
    "15": {
        "precision": 0.9097222222222222,
        "recall": 0.9492753623188406,
        "f1-score": 0.9290780141843973,
        "support": 138
    },
    "16": {
        "precision": 0.9699248120300752,
        "recall": 0.9847328244274809,
        "f1-score": 0.9772727272727273,
        "support": 131
    },
    "17": {
        "precision": 0.9694656488549618,
        "recall": 0.9844961240310077,
        "f1-score": 0.9769230769230769,
        "support": 129
    },
    "18": {
        "precision": 0.9782608695652174,
        "recall": 0.9926470588235294,
        "f1-score": 0.9854014598540147,
        "support": 136
    },
    "19": {
        "precision": 0.9290780141843972,
        "recall": 0.9924242424242424,
        "f1-score": 0.9597069597069597,
        "support": 132
    },
    "20": {
        "precision": 0.9384615384615385,
        "recall": 1.0,
        "f1-score": 0.9682539682539683,
        "support": 122
    },
    "21": {
        "precision": 0.9844961240310077,
        "recall": 0.9769230769230769,
        "f1-score": 0.9806949806949806,
        "support": 130
    },
    "22": {
        "precision": 0.9829059829059829,
        "recall": 0.9913793103448276,
        "f1-score": 0.9871244635193134,
        "support": 116
    },
    "23": {
        "precision": 0.9682539682539683,
        "recall": 0.9838709677419355,
        "f1-score": 0.976,
        "support": 124
    },
    "24": {
        "precision": 0.9917355371900827,
        "recall": 0.975609756097561,
        "f1-score": 0.9836065573770492,
        "support": 123
    },
    "25": {
        "precision": 0.9701492537313433,
        "recall": 0.9923664122137404,
        "f1-score": 0.9811320754716981,
        "support": 131
    },
    "26": {
        "precision": 0.9925373134328358,
        "recall": 1.0,
        "f1-score": 0.9962546816479401,
        "support": 133
    },
    "27": {
        "precision": 0.992,
        "recall": 1.0,
        "f1-score": 0.9959839357429718,
        "support": 124
    },
    "28": {
        "precision": 0.9831932773109243,
        "recall": 0.9590163934426229,
        "f1-score": 0.9709543568464729,
        "support": 122
    },
    "29": {
        "precision": 0.9908256880733946,
        "recall": 0.9818181818181818,
        "f1-score": 0.9863013698630138,
        "support": 110
    },
    "30": {
        "precision": 0.975,
        "recall": 0.9831932773109243,
        "f1-score": 0.9790794979079498,
        "support": 119
    },
    "31": {
        "precision": 0.991304347826087,
        "recall": 1.0,
        "f1-score": 0.9956331877729258,
        "support": 114
    },
    "32": {
        "precision": 0.984375,
        "recall": 0.984375,
        "f1-score": 0.984375,
        "support": 128
    },
    "33": {
        "precision": 0.9572649572649573,
        "recall": 0.9411764705882353,
        "f1-score": 0.9491525423728814,
        "support": 119
    },
    "34": {
        "precision": 0.9669421487603306,
        "recall": 1.0,
        "f1-score": 0.9831932773109243,
        "support": 117
    },
    "35": {
        "precision": 0.975609756097561,
        "recall": 0.975609756097561,
        "f1-score": 0.975609756097561,
        "support": 123
    },
    "36": {
        "precision": 0.9922480620155039,
        "recall": 0.9846153846153847,
        "f1-score": 0.9884169884169884,
        "support": 130
    },
    "37": {
        "precision": 0.9929577464788732,
        "recall": 0.9929577464788732,
        "f1-score": 0.9929577464788732,
        "support": 142
    },
    "38": {
        "precision": 1.0,
        "recall": 0.9782608695652174,
        "f1-score": 0.989010989010989,
        "support": 138
    },
    "39": {
        "precision": 1.0,
        "recall": 0.9844961240310077,
        "f1-score": 0.9921875,
        "support": 129
    },
    "40": {
        "precision": 0.9849624060150376,
        "recall": 1.0,
        "f1-score": 0.9924242424242424,
        "support": 131
    },
    "41": {
        "precision": 0.9856115107913669,
        "recall": 1.0,
        "f1-score": 0.9927536231884058,
        "support": 137
    },
    "42": {
        "precision": 0.9829059829059829,
        "recall": 1.0,
        "f1-score": 0.9913793103448275,
        "support": 115
    },
    "43": {
        "precision": 0.9856115107913669,
        "recall": 1.0,
        "f1-score": 0.9927536231884058,
        "support": 137
    },
    "44": {
        "precision": 0.9915966386554622,
        "recall": 0.9915966386554622,
        "f1-score": 0.9915966386554622,
        "support": 119
    },
    "45": {
        "precision": 1.0,
        "recall": 0.9774436090225563,
        "f1-score": 0.988593155893536,
        "support": 133
    },
    "46": {
        "precision": 0.9708029197080292,
        "recall": 0.9851851851851852,
        "f1-score": 0.9779411764705882,
        "support": 135
    },
    "47": {
        "precision": 0.9919354838709677,
        "recall": 1.0,
        "f1-score": 0.9959514170040485,
        "support": 123
    },
    "48": {
        "precision": 0.9692307692307692,
        "recall": 0.984375,
        "f1-score": 0.9767441860465116,
        "support": 128
    },
    "49": {
        "precision": 1.0,
        "recall": 0.9924812030075187,
        "f1-score": 0.9962264150943396,
        "support": 133
    },
    "50": {
        "precision": 0.9603174603174603,
        "recall": 0.968,
        "f1-score": 0.9641434262948207,
        "support": 125
    },
    "51": {
        "precision": 0.9928571428571429,
        "recall": 0.9928571428571429,
        "f1-score": 0.9928571428571429,
        "support": 140
    },
    "52": {
        "precision": 1.0,