{
    "0": {
        "precision": 0.8217054263565892,
        "recall": 0.7910447761194029,
        "f1-score": 0.8060836501901141,
        "support": 134
    },
    "1": {
        "precision": 0.8313953488372093,
        "recall": 0.9862068965517241,
        "f1-score": 0.9022082018927445,
        "support": 145
    },
    "2": {
        "precision": 0.9609375,
        "recall": 0.9461538461538461,
        "f1-score": 0.9534883720930233,
        "support": 130
    },
    "3": {
        "precision": 0.9206349206349206,
        "recall": 0.9354838709677419,
        "f1-score": 0.9279999999999999,
        "support": 124
    },
    "4": {
        "precision": 0.8680555555555556,
        "recall": 1.0,
        "f1-score": 0.929368029739777,
        "support": 125
    },
    "5": {
        "precision": 0.8095238095238095,
        "recall": 0.9444444444444444,
        "f1-score": 0.8717948717948718,
        "support": 144
    },
    "6": {
        "precision": 0.8473282442748091,
        "recall": 0.8671875,
        "f1-score": 0.8571428571428571,
        "support": 128
    },
    "7": {
        "precision": 0.9145299145299145,
        "recall": 0.9304347826086956,
        "f1-score": 0.9224137931034483,
        "support": 115
    },
    "8": {
        "precision": 0.8571428571428571,
        "recall": 0.9618320610687023,
        "f1-score": 0.9064748201438849,
        "support": 131
    },
    "9": {
        "precision": 0.9020979020979021,
        "recall": 0.9416058394160584,
        "f1-score": 0.9214285714285714,
        "support": 137
    },
    "10": {
        "precision": 0.7045454545454546,
        "recall": 0.9465648854961832,
        "f1-score": 0.8078175895765473,
        "support": 131
    },
    "11": {
        "precision": 0.8859060402684564,
        "recall": 0.9361702127659575,
        "f1-score": 0.9103448275862069,
        "support": 141
    },
    "12": {
        "precision": 0.8686131386861314,
        "recall": 0.9754098360655737,
        "f1-score": 0.9189189189189189,
        "support": 122
    },
    "13": {
        "precision": 0.8618421052631579,
        "recall": 0.9357142857142857,
        "f1-score": 0.8972602739726028,
        "support": 140
    },
    "14": {
        "precision": 0.7916666666666666,
        "recall": 0.8976377952755905,
        "f1-score": 0.8413284132841328,
        "support": 127
    },
    "15": {
        "precision": 0.8823529411764706,
        "recall": 0.7608695652173914,
        "f1-score": 0.8171206225680935,
        "support": 138
    },
    "16": {
        "precision": 0.9375,
        "recall": 0.8015267175572519,
        "f1-score": 0.8641975308641976,
        "support": 131
    },
    "17": {
        "precision": 0.8947368421052632,
        "recall": 0.6589147286821705,
        "f1-score": 0.7589285714285714,
        "support": 129
    },
    "18": {
        "precision": 0.9538461538461539,
        "recall": 0.9117647058823529,
        "f1-score": 0.9323308270676691,
        "support": 136
    },
    "19": {
        "precision": 0.8467741935483871,
        "recall": 0.7954545454545454,
        "f1-score": 0.8203125000000001,
        "support": 132
    },
    "20": {
        "precision": 0.9056603773584906,
        "recall": 0.7868852459016393,
        "f1-score": 0.8421052631578947,
        "support": 122
    },
    "21": {
        "precision": 0.8059701492537313,
        "recall": 0.8307692307692308,
        "f1-score": 0.8181818181818182,
        "support": 130
    },
    "22": {
        "precision": 0.8760330578512396,
        "recall": 0.9137931034482759,
        "f1-score": 0.8945147679324894,
        "support": 116
    },
    "23": {
        "precision": 0.954954954954955,
        "recall": 0.8548387096774194,
        "f1-score": 0.902127659574468,
        "support": 124
    },
    "24": {
        "precision": 0.940677966101695,
        "recall": 0.9024390243902439,
        "f1-score": 0.9211618257261411,
        "support": 123
    },
    "25": {
        "precision": 0.8040540540540541,
        "recall": 0.9083969465648855,
        "f1-score": 0.8530465949820789,
        "support": 131
    },
    "26": {
        "precision": 0.9482758620689655,
        "recall": 0.8270676691729323,
        "f1-score": 0.8835341365461847,
        "support": 133
    },
    "27": {
        "precision": 0.9586776859504132,
        "recall": 0.9354838709677419,
        "f1-score": 0.946938775510204,
        "support": 124
    },
    "28": {
        "precision": 0.9456521739130435,
        "recall": 0.7131147540983607,
        "f1-score": 0.8130841121495327,
        "support": 122
    },
    "29": {
        "precision": 0.8461538461538461,
        "recall": 0.9,
        "f1-score": 0.8722466960352422,
        "support": 110
    },
    "30": {
        "precision": 0.84,
        "recall": 0.8823529411764706,
        "f1-score": 0.860655737704918,
        "support": 119
    },
    "31": {
        "precision": 0.9629629629629629,
        "recall": 0.9122807017543859,
        "f1-score": 0.9369369369369369,
        "support": 114
    },
    "32": {
        "precision": 0.9,
        "recall": 0.9140625,
        "f1-score": 0.9069767441860466,
        "support": 128
    },
    "33": {
        "precision": 0.8145161290322581,
        "recall": 0.8487394957983193,
        "f1-score": 0.831275720164609,
        "support": 119
    },
    "34": {
        "precision": 0.8211382113821138,
        "recall": 0.8632478632478633,
        "f1-score": 0.8416666666666667,
        "support": 117
    },
    "35": {
        "precision": 0.9212598425196851,
        "recall": 0.9512195121951219,
        "f1-score": 0.9359999999999999,
        "support": 123
    },
    "36": {
        "precision": 0.890625,
        "recall": 0.8769230769230769,
        "f1-score": 0.883720930232558,
        "support": 130
    },
    "37": {
        "precision": 0.8851351351351351,
        "recall": 0.9225352112676056,
        "f1-score": 0.903448275862069,
        "support": 142
    },
    "38": {
        "precision": 0.86,
        "recall": 0.9347826086956522,
        "f1-score": 0.8958333333333334,
        "support": 138
    },
    "39": {
        "precision": 0.9098360655737705,
        "recall": 0.8604651162790697,
        "f1-score": 0.8844621513944223,
        "support": 129
    },
    "40": {
        "precision": 0.9037037037037037,
        "recall": 0.9312977099236641,
        "f1-score": 0.9172932330827067,
        "support": 131
    },
    "41": {
        "precision": 0.9385964912280702,
        "recall": 0.781021897810219,
        "f1-score": 0.852589641434263,
        "support": 137
    },
    "42": {
        "precision": 0.93,
        "recall": 0.808695652173913,
        "f1-score": 0.8651162790697675,
        "support": 115
    },
    "43": {
        "precision": 0.9829059829059829,
        "recall": 0.8394160583941606,
        "f1-score": 0.905511811023622,
        "support": 137
    },
    "44": {
        "precision": 0.8688524590163934,
        "recall": 0.8907563025210085,
        "f1-score": 0.8796680497925311,
        "support": 119
    },
    "45": {
        "precision": 0.9076923076923077,
        "recall": 0.8872180451127819,
        "f1-score": 0.8973384030418251,
        "support": 133
    },
    "46": {
        "precision": 0.9112903225806451,
        "recall": 0.837037037037037,
        "f1-score": 0.8725868725868726,
        "support": 135
    },
    "47": {
        "precision": 0.9833333333333333,
        "recall": 0.959349593495935,
        "f1-score": 0.97119341563786,
        "support": 123
    },
    "48": {
        "precision": 0.8702290076335878,
        "recall": 0.890625,
        "f1-score": 0.8803088803088803,
        "support": 128
    },
    "49": {
        "precision": 0.9626865671641791,
        "recall": 0.9699248120300752,
        "f1-score": 0.9662921348314607,
        "support": 133
    },
    "50": {
        "precision": 0.835820895522388,
        "recall": 0.896,
        "f1-score": 0.8648648648648648,