{
    "0": {
        "precision": 0.6142857142857143,
        "recall": 0.6417910447761194,
        "f1-score": 0.6277372262773724,
        "support": 134
    },
    "1": {
        "precision": 0.7192982456140351,
        "recall": 0.8482758620689655,
        "f1-score": 0.7784810126582278,
        "support": 145
    },
    "2": {
        "precision": 0.944954128440367,
        "recall": 0.7923076923076923,
        "f1-score": 0.8619246861924686,
        "support": 130
    },
    "3": {
        "precision": 0.7938931297709924,
        "recall": 0.8387096774193549,
        "f1-score": 0.8156862745098039,
        "support": 124
    },
    "4": {
        "precision": 0.752,
        "recall": 0.752,
        "f1-score": 0.752,
        "support": 125
    },
    "5": {
        "precision": 0.7651006711409396,
        "recall": 0.7916666666666666,
        "f1-score": 0.7781569965870307,
        "support": 144
    },
    "6": {
        "precision": 0.717948717948718,
        "recall": 0.65625,
        "f1-score": 0.6857142857142856,
        "support": 128
    },
    "7": {
        "precision": 0.8181818181818182,
        "recall": 0.8608695652173913,
        "f1-score": 0.8389830508474576,
        "support": 115
    },
    "8": {
        "precision": 0.572463768115942,
        "recall": 0.6030534351145038,
        "f1-score": 0.587360594795539,
        "support": 131
    },
    "9": {
        "precision": 0.7687074829931972,
        "recall": 0.8248175182481752,
        "f1-score": 0.7957746478873239,
        "support": 137
    },
    "10": {
        "precision": 0.5083333333333333,
        "recall": 0.46564885496183206,
        "f1-score": 0.4860557768924303,
        "support": 131
    },
    "11": {
        "precision": 0.7532467532467533,
        "recall": 0.8226950354609929,
        "f1-score": 0.7864406779661017,
        "support": 141
    },
    "12": {
        "precision": 0.8455284552845529,
        "recall": 0.8524590163934426,
        "f1-score": 0.8489795918367347,
        "support": 122
    },
    "13": {
        "precision": 0.8308823529411765,
        "recall": 0.8071428571428572,
        "f1-score": 0.818840579710145,
        "support": 140
    },
    "14": {
        "precision": 0.8037383177570093,
        "recall": 0.6771653543307087,
        "f1-score": 0.7350427350427351,
        "support": 127
    },
    "15": {
        "precision": 0.6408450704225352,
        "recall": 0.6594202898550725,
        "f1-score": 0.65,
        "support": 138
    },
    "16": {
        "precision": 0.4878048780487805,
        "recall": 0.4580152671755725,
        "f1-score": 0.47244094488188976,
        "support": 131
    },
    "17": {
        "precision": 0.43478260869565216,
        "recall": 0.46511627906976744,
        "f1-score": 0.449438202247191,
        "support": 129
    },
    "18": {
        "precision": 0.7445255474452555,
        "recall": 0.75,
        "f1-score": 0.7472527472527472,
        "support": 136
    },
    "19": {
        "precision": 0.5625,
        "recall": 0.5454545454545454,
        "f1-score": 0.5538461538461538,
        "support": 132
    },
    "20": {
        "precision": 0.7739130434782608,
        "recall": 0.7295081967213115,
        "f1-score": 0.751054852320675,
        "support": 122
    },
    "21": {
        "precision": 0.5895522388059702,
        "recall": 0.6076923076923076,
        "f1-score": 0.5984848484848485,
        "support": 130
    },
    "22": {
        "precision": 0.8363636363636363,
        "recall": 0.7931034482758621,
        "f1-score": 0.8141592920353982,
        "support": 116
    },
    "23": {
        "precision": 0.6594202898550725,
        "recall": 0.7338709677419355,
        "f1-score": 0.6946564885496184,
        "support": 124
    },
    "24": {
        "precision": 0.664,
        "recall": 0.6747967479674797,
        "f1-score": 0.6693548387096774,
        "support": 123
    },
    "25": {
        "precision": 0.628099173553719,
        "recall": 0.5801526717557252,
        "f1-score": 0.6031746031746031,
        "support": 131
    },
    "26": {
        "precision": 0.6666666666666666,
        "recall": 0.5112781954887218,
        "f1-score": 0.5787234042553191,
        "support": 133
    },
    "27": {
        "precision": 0.689922480620155,
        "recall": 0.717741935483871,
        "f1-score": 0.7035573122529645,
        "support": 124
    },
    "28": {
        "precision": 0.5274725274725275,
        "recall": 0.39344262295081966,
        "f1-score": 0.4507042253521127,
        "support": 122
    },
    "29": {
        "precision": 0.6881720430107527,
        "recall": 0.5818181818181818,
        "f1-score": 0.6305418719211823,
        "support": 110
    },
    "30": {
        "precision": 0.7016129032258065,
        "recall": 0.7310924369747899,
        "f1-score": 0.7160493827160493,
        "support": 119
    },
    "31": {
        "precision": 0.7521367521367521,
        "recall": 0.7719298245614035,
        "f1-score": 0.761904761904762,
        "support": 114
    },
    "32": {
        "precision": 0.776,
        "recall": 0.7578125,
        "f1-score": 0.766798418972332,
        "support": 128
    },
    "33": {
        "precision": 0.7578125,
        "recall": 0.8151260504201681,
        "f1-score": 0.7854251012145749,
        "support": 119
    },
    "34": {
        "precision": 0.7346938775510204,
        "recall": 0.6153846153846154,
        "f1-score": 0.6697674418604652,
        "support": 117
    },
    "35": {
        "precision": 0.7593984962406015,
        "recall": 0.8211382113821138,
        "f1-score": 0.7890624999999999,
        "support": 123
    },
    "36": {
        "precision": 0.6503496503496503,
        "recall": 0.7153846153846154,
        "f1-score": 0.6813186813186813,
        "support": 130
    },
    "37": {
        "precision": 0.6644736842105263,
        "recall": 0.7112676056338029,
        "f1-score": 0.6870748299319729,
        "support": 142
    },
    "38": {
        "precision": 0.5973154362416108,
        "recall": 0.644927536231884,
        "f1-score": 0.6202090592334495,
        "support": 138
    },
    "39": {
        "precision": 0.65,
        "recall": 0.7054263565891473,
        "f1-score": 0.6765799256505577,
        "support": 129
    },
    "40": {
        "precision": 0.6423841059602649,
        "recall": 0.7404580152671756,
        "f1-score": 0.6879432624113475,
        "support": 131
    },
    "41": {
        "precision": 0.6277372262773723,
        "recall": 0.6277372262773723,
        "f1-score": 0.6277372262773723,
        "support": 137
    },
    "42": {
        "precision": 0.5298507462686567,
        "recall": 0.6173913043478261,
        "f1-score": 0.5702811244979918,
        "support": 115
    },
    "43": {
        "precision": 0.8235294117647058,
        "recall": 0.6131386861313869,
        "f1-score": 0.7029288702928871,
        "support": 137
    },
    "44": {
        "precision": 0.5887096774193549,
        "recall": 0.6134453781512605,
        "f1-score": 0.6008230452674898,
        "support": 119
    },
    "45": {
        "precision": 0.7272727272727273,
        "recall": 0.6616541353383458,
        "f1-score": 0.6929133858267716,
        "support": 133
    },
    "46": {
        "precision": 0.723404255319149,
        "recall": 0.5037037037037037,
        "f1-score": 0.593886462882096,
        "support": 135
    },
    "47": {
        "precision": 0.7909090909090909,
        "recall": 0.7073170731707317,
        "f1-score": 0.7467811158798283,
        "support": 123
    },
    "48": {
        "precision": 0.5606060606060606,
        "recall": 0.578125,
        "f1-score": 0.5692307692307692,
        "support": 128
    },
    "49": {
        "precision": 0.6423357664233577,
        "recall": 0.6616541353383458,
        "f1-score": 0.6518518518518518,
        "support": 133
    },
    "50": {
        "precision": 0.475,
        "recall": 0.456,
        "f1-score": 0.46530612244897956,