{
    "0": {
        "precision": 0.8848920863309353,
        "recall": 0.917910447761194,
        "f1-score": 0.9010989010989011,
        "support": 134
    },
    "1": {
        "precision": 0.9290322580645162,
        "recall": 0.993103448275862,
        "f1-score": 0.9600000000000001,
        "support": 145
    },
    "2": {
        "precision": 0.9629629629629629,
        "recall": 1.0,
        "f1-score": 0.9811320754716981,
        "support": 130
    },
    "3": {
        "precision": 0.9461538461538461,
        "recall": 0.9919354838709677,
        "f1-score": 0.9685039370078741,
        "support": 124
    },
    "4": {
        "precision": 1.0,
        "recall": 0.992,
        "f1-score": 0.9959839357429718,
        "support": 125
    },
    "5": {
        "precision": 0.9664429530201343,
        "recall": 1.0,
        "f1-score": 0.9829351535836178,
        "support": 144
    },
    "6": {
        "precision": 0.9411764705882353,
        "recall": 1.0,
        "f1-score": 0.9696969696969697,
        "support": 128
    },
    "7": {
        "precision": 0.9741379310344828,
        "recall": 0.9826086956521739,
        "f1-score": 0.9783549783549784,
        "support": 115
    },
    "8": {
        "precision": 0.9774436090225563,
        "recall": 0.9923664122137404,
        "f1-score": 0.9848484848484848,
        "support": 131
    },
    "9": {
        "precision": 0.9640287769784173,
        "recall": 0.9781021897810219,
        "f1-score": 0.9710144927536232,
        "support": 137
    },
    "10": {
        "precision": 0.9420289855072463,
        "recall": 0.9923664122137404,
        "f1-score": 0.966542750929368,
        "support": 131
    },
    "11": {
        "precision": 0.8860759493670886,
        "recall": 0.9929078014184397,
        "f1-score": 0.9364548494983278,
        "support": 141
    },
    "12": {
        "precision": 0.9758064516129032,
        "recall": 0.9918032786885246,
        "f1-score": 0.983739837398374,
        "support": 122
    },
    "13": {
        "precision": 0.9652777777777778,
        "recall": 0.9928571428571429,
        "f1-score": 0.9788732394366197,
        "support": 140
    },
    "14": {
        "precision": 0.8962962962962963,
        "recall": 0.952755905511811,
        "f1-score": 0.9236641221374046,
        "support": 127
    },
    "15": {
        "precision": 0.9603174603174603,
        "recall": 0.8768115942028986,
        "f1-score": 0.9166666666666666,
        "support": 138
    },
    "16": {
        "precision": 0.9919354838709677,
        "recall": 0.9389312977099237,
        "f1-score": 0.9647058823529411,
        "support": 131
    },
    "17": {
        "precision": 0.9064748201438849,
        "recall": 0.9767441860465116,
        "f1-score": 0.9402985074626865,
        "support": 129
    },
    "18": {
        "precision": 0.9927007299270073,
        "recall": 1.0,
        "f1-score": 0.9963369963369962,
        "support": 136
    },
    "19": {
        "precision": 0.9920634920634921,
        "recall": 0.946969696969697,
        "f1-score": 0.9689922480620156,
        "support": 132
    },
    "20": {
        "precision": 0.975,
        "recall": 0.9590163934426229,
        "f1-score": 0.9669421487603306,
        "support": 122
    },
    "21": {
        "precision": 0.9761904761904762,
        "recall": 0.9461538461538461,
        "f1-score": 0.9609375,
        "support": 130
    },
    "22": {
        "precision": 0.9658119658119658,
        "recall": 0.9741379310344828,
        "f1-score": 0.9699570815450644,
        "support": 116
    },
    "23": {
        "precision": 1.0,
        "recall": 0.9596774193548387,
        "f1-score": 0.9794238683127572,
        "support": 124
    },
    "24": {
        "precision": 0.9916666666666667,
        "recall": 0.967479674796748,
        "f1-score": 0.9794238683127573,
        "support": 123
    },
    "25": {
        "precision": 0.9701492537313433,
        "recall": 0.9923664122137404,
        "f1-score": 0.9811320754716981,
        "support": 131
    },
    "26": {
        "precision": 1.0,
        "recall": 0.9699248120300752,
        "f1-score": 0.9847328244274809,
        "support": 133
    },
    "27": {
        "precision": 0.9919354838709677,
        "recall": 0.9919354838709677,
        "f1-score": 0.9919354838709677,
        "support": 124
    },
    "28": {
        "precision": 0.959349593495935,
        "recall": 0.9672131147540983,
        "f1-score": 0.9632653061224489,
        "support": 122
    },
    "29": {
        "precision": 0.9821428571428571,
        "recall": 1.0,
        "f1-score": 0.9909909909909909,
        "support": 110
    },
    "30": {
        "precision": 1.0,
        "recall": 0.9915966386554622,
        "f1-score": 0.9957805907172996,
        "support": 119
    },
    "31": {
        "precision": 1.0,
        "recall": 1.0,
        "f1-score": 1.0,
        "support": 114
    },
    "32": {
        "precision": 0.9844961240310077,
        "recall": 0.9921875,
        "f1-score": 0.9883268482490272,
        "support": 128
    },
    "33": {
        "precision": 0.9435483870967742,
        "recall": 0.9831932773109243,
        "f1-score": 0.962962962962963,
        "support": 119
    },
    "34": {
        "precision": 0.9583333333333334,
        "recall": 0.9829059829059829,
        "f1-score": 0.970464135021097,
        "support": 117
    },
    "35": {
        "precision": 0.9836065573770492,
        "recall": 0.975609756097561,
        "f1-score": 0.9795918367346939,
        "support": 123
    },
    "36": {
        "precision": 0.9774436090225563,
        "recall": 1.0,
        "f1-score": 0.988593155893536,
        "support": 130
    },
    "37": {
        "precision": 0.9790209790209791,
        "recall": 0.9859154929577465,
        "f1-score": 0.9824561403508772,
        "support": 142
    },
    "38": {
        "precision": 0.9714285714285714,
        "recall": 0.9855072463768116,
        "f1-score": 0.9784172661870504,
        "support": 138
    },
    "39": {
        "precision": 0.9694656488549618,
        "recall": 0.9844961240310077,
        "f1-score": 0.9769230769230769,
        "support": 129
    },
    "40": {
        "precision": 0.9776119402985075,
        "recall": 1.0,
        "f1-score": 0.9886792452830189,
        "support": 131
    },
    "41": {
        "precision": 0.958041958041958,
        "recall": 1.0,
        "f1-score": 0.9785714285714286,
        "support": 137
    },
    "42": {
        "precision": 0.9829059829059829,
        "recall": 1.0,
        "f1-score": 0.9913793103448275,
        "support": 115
    },
    "43": {
        "precision": 0.9856115107913669,
        "recall": 1.0,
        "f1-score": 0.9927536231884058,
        "support": 137
    },
    "44": {
        "precision": 1.0,
        "recall": 0.9831932773109243,
        "f1-score": 0.9915254237288135,
        "support": 119
    },
    "45": {
        "precision": 1.0,
        "recall": 0.9774436090225563,
        "f1-score": 0.988593155893536,
        "support": 133
    },
    "46": {
        "precision": 0.9300699300699301,
        "recall": 0.9851851851851852,
        "f1-score": 0.9568345323741007,
        "support": 135
    },
    "47": {
        "precision": 0.9838709677419355,
        "recall": 0.991869918699187,
        "f1-score": 0.9878542510121457,
        "support": 123
    },
    "48": {
        "precision": 1.0,
        "recall": 0.9921875,
        "f1-score": 0.996078431372549,
        "support": 128
    },
    "49": {
        "precision": 0.9779411764705882,
        "recall": 1.0,
        "f1-score": 0.9888475836431226,
        "support": 133
    },
    "50": {
        "precision": 0.9606299212598425,
        "recall": 0.976,
        "f1-score": 0.9682539682539683,
        "support": 125
    },
    "51": {
        "precision": 1.0,
        "recall": 0.9928571428571429,
        "f1-score": 0.996415770609319,
        "support": 140
    },
    "52": {
        "precision": 1.0,