{
    "0": {
        "precision": 0.9866666666666667,
        "recall": 0.9517684887459807,
        "f1-score": 0.9689034369885434,
        "support": 311
    },
    "1": {
        "precision": 0.9702127659574468,
        "recall": 0.9702127659574468,
        "f1-score": 0.9702127659574468,
        "support": 235
    },
    "2": {
        "precision": 0.9966216216216216,
        "recall": 0.9833333333333333,
        "f1-score": 0.9899328859060402,
        "support": 300
    },
    "3": {
        "precision": 1.0,
        "recall": 1.0,
        "f1-score": 1.0,
        "support": 238
    },
    "4": {
        "precision": 1.0,
        "recall": 1.0,
        "f1-score": 1.0,
        "support": 311
    },
    "5": {
        "precision": 0.9866666666666667,
        "recall": 0.9673202614379085,
        "f1-score": 0.9768976897689768,
        "support": 306
    },
    "6": {
        "precision": 1.0,
        "recall": 0.9785407725321889,
        "f1-score": 0.9891540130151844,
        "support": 233
    },
    "7": {
        "precision": 0.974025974025974,
        "recall": 1.0,
        "f1-score": 0.9868421052631579,
        "support": 300
    },
    "8": {
        "precision": 0.9921875,
        "recall": 0.9921875,
        "f1-score": 0.9921875,
        "support": 256
    },
    "9": {
        "precision": 0.987012987012987,
        "recall": 0.987012987012987,
        "f1-score": 0.987012987012987,
        "support": 308
    },
    "10": {
        "precision": 0.9608540925266904,
        "recall": 0.996309963099631,
        "f1-score": 0.9782608695652174,
        "support": 271
    },
    "11": {
        "precision": 0.9962962962962963,
        "recall": 1.0,
        "f1-score": 0.9981447124304267,
        "support": 269
    },
    "12": {
        "precision": 0.9746192893401016,
        "recall": 0.9896907216494846,
        "f1-score": 0.9820971867007673,
        "support": 194
    },
    "13": {
        "precision": 0.9957446808510638,
        "recall": 0.9629629629629629,
        "f1-score": 0.9790794979079498,
        "support": 243
    },
    "14": {
        "precision": 0.9776785714285714,
        "recall": 0.9864864864864865,
        "f1-score": 0.9820627802690582,
        "support": 222
    },
    "15": {
        "precision": 0.9607843137254902,
        "recall": 0.9363057324840764,
        "f1-score": 0.9483870967741935,
        "support": 314
    },
    "16": {
        "precision": 0.9932203389830508,
        "recall": 1.0,
        "f1-score": 0.9965986394557823,
        "support": 293
    },
    "17": {
        "precision": 0.9968652037617555,
        "recall": 0.9968652037617555,
        "f1-score": 0.9968652037617555,
        "support": 319
    },
    "18": {
        "precision": 1.0,
        "recall": 0.9838187702265372,
        "f1-score": 0.9918433931484503,
        "support": 309
    },
    "19": {
        "precision": 0.97,
        "recall": 0.9965753424657534,
        "f1-score": 0.9831081081081081,
        "support": 292
    },
    "20": {
        "precision": 0.95,
        "recall": 0.9895833333333334,
        "f1-score": 0.9693877551020408,
        "support": 288
    },
    "21": {
        "precision": 0.9933554817275747,
        "recall": 0.980327868852459,
        "f1-score": 0.9867986798679867,
        "support": 305
    },
    "22": {
        "precision": 1.0,
        "recall": 1.0,
        "f1-score": 1.0,
        "support": 290
    },
    "23": {
        "precision": 0.9966555183946488,
        "recall": 0.9933333333333333,
        "f1-score": 0.9949916527545909,
        "support": 300
    },
    "24": {
        "precision": 0.954248366013072,
        "recall": 0.9965870307167235,
        "f1-score": 0.974958263772955,
        "support": 293
    },
    "25": {
        "precision": 0.9727891156462585,
        "recall": 0.9930555555555556,
        "f1-score": 0.9828178694158075,
        "support": 288
    },
    "26": {
        "precision": 1.0,
        "recall": 0.9968253968253968,
        "f1-score": 0.9984101748807631,
        "support": 315
    },
    "27": {
        "precision": 1.0,
        "recall": 1.0,
        "f1-score": 1.0,
        "support": 319
    },
    "28": {
        "precision": 0.9808306709265175,
        "recall": 0.9903225806451613,
        "f1-score": 0.9855537720706261,
        "support": 310
    },
    "29": {
        "precision": 0.976897689768977,
        "recall": 0.9932885906040269,
        "f1-score": 0.9850249584026622,
        "support": 298
    },
    "30": {
        "precision": 0.9966329966329966,
        "recall": 1.0,
        "f1-score": 0.9983136593591906,
        "support": 296
    },
    "31": {
        "precision": 1.0,
        "recall": 1.0,
        "f1-score": 1.0,
        "support": 297
    },
    "32": {
        "precision": 0.9933554817275747,
        "recall": 0.9707792207792207,
        "f1-score": 0.9819376026272577,
        "support": 308
    },
    "33": {
        "precision": 0.9726962457337884,
        "recall": 0.9437086092715232,
        "f1-score": 0.957983193277311,
        "support": 302
    },
    "34": {
        "precision": 0.981549815498155,
        "recall": 0.9888475836431226,
        "f1-score": 0.9851851851851852,
        "support": 269
    },
    "35": {
        "precision": 0.9966666666666667,
        "recall": 1.0,
        "f1-score": 0.9983305509181971,
        "support": 299
    },
    "36": {
        "precision": 0.9757785467128027,
        "recall": 0.9964664310954063,
        "f1-score": 0.986013986013986,
        "support": 283
    },
    "37": {
        "precision": 1.0,
        "recall": 0.9900332225913622,
        "f1-score": 0.994991652754591,
        "support": 301
    },
    "38": {
        "precision": 0.9897260273972602,
        "recall": 1.0,
        "f1-score": 0.9948364888123925,
        "support": 289
    },
    "39": {
        "precision": 0.9867986798679867,
        "recall": 1.0,
        "f1-score": 0.9933554817275748,
        "support": 299
    },
    "40": {
        "precision": 0.9893617021276596,
        "recall": 1.0,
        "f1-score": 0.9946524064171123,
        "support": 279
    },
    "41": {
        "precision": 0.9965870307167235,
        "recall": 0.9733333333333334,
        "f1-score": 0.984822934232715,
        "support": 300
    },
    "42": {
        "precision": 1.0,
        "recall": 1.0,
        "f1-score": 1.0,
        "support": 319
    },
    "43": {
        "precision": 0.9967213114754099,
        "recall": 1.0,
        "f1-score": 0.9983579638752053,
        "support": 304
    },
    "44": {
        "precision": 1.0,
        "recall": 1.0,
        "f1-score": 1.0,
        "support": 273
    },
    "45": {
        "precision": 0.9968944099378882,
        "recall": 0.9756838905775076,
        "f1-score": 0.9861751152073733,
        "support": 329
    },
    "46": {
        "precision": 0.976271186440678,
        "recall": 0.9896907216494846,
        "f1-score": 0.9829351535836178,
        "support": 291
    },
    "47": {
        "precision": 1.0,
        "recall": 1.0,
        "f1-score": 1.0,
        "support": 304
    },
    "48": {
        "precision": 0.9935064935064936,
        "recall": 0.996742671009772,
        "f1-score": 0.9951219512195122,
        "support": 307
    },
    "49": {
        "precision": 0.9893238434163701,
        "recall": 1.0,
        "f1-score": 0.9946332737030411,
        "support": 278
    },
    "50": {
        "precision": 0.9900332225913622,
        "recall": 1.0,
        "f1-score": 0.994991652754591,
        "support": 298
    },
    "51": {
        "precision": 0.9934640522875817,
        "recall": 0.9967213114754099,
        "f1-score": 0.9950900163666122,
        "support": 305
    },
    "52": {
        "precision": 1.0,
        "recall": 0.9967213114754099,
        "f1-score": 0.9983579638752053,
        "support": 305
    },
    "53": {
        "precision": 0.9968152866242038,
        "recall": 1.0,
        "f1-score": 0.9984051036682616,
        "support": 313
    },