{
    "0": {
        "precision": 0.9473684210526315,
        "recall": 0.9402985074626866,
        "f1-score": 0.9438202247191011,
        "support": 134
    },
    "1": {
        "precision": 0.8895705521472392,
        "recall": 1.0,
        "f1-score": 0.9415584415584416,
        "support": 145
    },
    "2": {
        "precision": 0.9701492537313433,
        "recall": 1.0,
        "f1-score": 0.9848484848484849,
        "support": 130
    },
    "3": {
        "precision": 0.9612403100775194,
        "recall": 1.0,
        "f1-score": 0.9802371541501977,
        "support": 124
    },
    "4": {
        "precision": 0.9765625,
        "recall": 1.0,
        "f1-score": 0.9881422924901185,
        "support": 125
    },
    "5": {
        "precision": 0.993103448275862,
        "recall": 1.0,
        "f1-score": 0.9965397923875432,
        "support": 144
    },
    "6": {
        "precision": 0.9481481481481482,
        "recall": 1.0,
        "f1-score": 0.973384030418251,
        "support": 128
    },
    "7": {
        "precision": 0.9661016949152542,
        "recall": 0.991304347826087,
        "f1-score": 0.9785407725321889,
        "support": 115
    },
    "8": {
        "precision": 0.9624060150375939,
        "recall": 0.9770992366412213,
        "f1-score": 0.9696969696969696,
        "support": 131
    },
    "9": {
        "precision": 1.0,
        "recall": 0.9927007299270073,
        "f1-score": 0.9963369963369962,
        "support": 137
    },
    "10": {
        "precision": 0.935251798561151,
        "recall": 0.9923664122137404,
        "f1-score": 0.9629629629629629,
        "support": 131
    },
    "11": {
        "precision": 0.9642857142857143,
        "recall": 0.9574468085106383,
        "f1-score": 0.9608540925266905,
        "support": 141
    },
    "12": {
        "precision": 0.9523809523809523,
        "recall": 0.9836065573770492,
        "f1-score": 0.9677419354838709,
        "support": 122
    },
    "13": {
        "precision": 0.9854014598540146,
        "recall": 0.9642857142857143,
        "f1-score": 0.9747292418772563,
        "support": 140
    },
    "14": {
        "precision": 0.96875,
        "recall": 0.9763779527559056,
        "f1-score": 0.9725490196078432,
        "support": 127
    },
    "15": {
        "precision": 0.9772727272727273,
        "recall": 0.9347826086956522,
        "f1-score": 0.9555555555555557,
        "support": 138
    },
    "16": {
        "precision": 0.9770992366412213,
        "recall": 0.9770992366412213,
        "f1-score": 0.9770992366412213,
        "support": 131
    },
    "17": {
        "precision": 0.9621212121212122,
        "recall": 0.9844961240310077,
        "f1-score": 0.9731800766283525,
        "support": 129
    },
    "18": {
        "precision": 0.9927007299270073,
        "recall": 1.0,
        "f1-score": 0.9963369963369962,
        "support": 136
    },
    "19": {
        "precision": 0.9841269841269841,
        "recall": 0.9393939393939394,
        "f1-score": 0.9612403100775193,
        "support": 132
    },
    "20": {
        "precision": 0.9819819819819819,
        "recall": 0.8934426229508197,
        "f1-score": 0.9356223175965664,
        "support": 122
    },
    "21": {
        "precision": 0.984251968503937,
        "recall": 0.9615384615384616,
        "f1-score": 0.9727626459143969,
        "support": 130
    },
    "22": {
        "precision": 0.9747899159663865,
        "recall": 1.0,
        "f1-score": 0.9872340425531915,
        "support": 116
    },
    "23": {
        "precision": 0.9841269841269841,
        "recall": 1.0,
        "f1-score": 0.9919999999999999,
        "support": 124
    },
    "24": {
        "precision": 0.968,
        "recall": 0.983739837398374,
        "f1-score": 0.9758064516129032,
        "support": 123
    },
    "25": {
        "precision": 0.9481481481481482,
        "recall": 0.9770992366412213,
        "f1-score": 0.962406015037594,
        "support": 131
    },
    "26": {
        "precision": 1.0,
        "recall": 0.9624060150375939,
        "f1-score": 0.9808429118773946,
        "support": 133
    },
    "27": {
        "precision": 1.0,
        "recall": 0.9919354838709677,
        "f1-score": 0.9959514170040485,
        "support": 124
    },
    "28": {
        "precision": 0.975,
        "recall": 0.9590163934426229,
        "f1-score": 0.9669421487603306,
        "support": 122
    },
    "29": {
        "precision": 0.9727272727272728,
        "recall": 0.9727272727272728,
        "f1-score": 0.9727272727272728,
        "support": 110
    },
    "30": {
        "precision": 1.0,
        "recall": 0.957983193277311,
        "f1-score": 0.9785407725321889,
        "support": 119
    },
    "31": {
        "precision": 0.9826086956521739,
        "recall": 0.9912280701754386,
        "f1-score": 0.9868995633187774,
        "support": 114
    },
    "32": {
        "precision": 0.946969696969697,
        "recall": 0.9765625,
        "f1-score": 0.9615384615384616,
        "support": 128
    },
    "33": {
        "precision": 0.896,
        "recall": 0.9411764705882353,
        "f1-score": 0.9180327868852459,
        "support": 119
    },
    "34": {
        "precision": 0.9831932773109243,
        "recall": 1.0,
        "f1-score": 0.9915254237288135,
        "support": 117
    },
    "35": {
        "precision": 1.0,
        "recall": 0.983739837398374,
        "f1-score": 0.9918032786885246,
        "support": 123
    },
    "36": {
        "precision": 1.0,
        "recall": 0.9923076923076923,
        "f1-score": 0.9961389961389961,
        "support": 130
    },
    "37": {
        "precision": 1.0,
        "recall": 0.9647887323943662,
        "f1-score": 0.982078853046595,
        "support": 142
    },
    "38": {
        "precision": 0.9852941176470589,
        "recall": 0.9710144927536232,
        "f1-score": 0.9781021897810219,
        "support": 138
    },
    "39": {
        "precision": 1.0,
        "recall": 0.9922480620155039,
        "f1-score": 0.9961089494163424,
        "support": 129
    },
    "40": {
        "precision": 0.9776119402985075,
        "recall": 1.0,
        "f1-score": 0.9886792452830189,
        "support": 131
    },
    "41": {
        "precision": 0.9927007299270073,
        "recall": 0.9927007299270073,
        "f1-score": 0.9927007299270073,
        "support": 137
    },
    "42": {
        "precision": 1.0,
        "recall": 0.9826086956521739,
        "f1-score": 0.9912280701754386,
        "support": 115
    },
    "43": {
        "precision": 0.9785714285714285,
        "recall": 1.0,
        "f1-score": 0.9891696750902527,
        "support": 137
    },
    "44": {
        "precision": 0.9916666666666667,
        "recall": 1.0,
        "f1-score": 0.99581589958159,
        "support": 119
    },
    "45": {
        "precision": 0.9848484848484849,
        "recall": 0.9774436090225563,
        "f1-score": 0.981132075471698,
        "support": 133
    },
    "46": {
        "precision": 1.0,
        "recall": 0.9703703703703703,
        "f1-score": 0.9849624060150376,
        "support": 135
    },
    "47": {
        "precision": 0.991869918699187,
        "recall": 0.991869918699187,
        "f1-score": 0.991869918699187,
        "support": 123
    },
    "48": {
        "precision": 1.0,
        "recall": 0.9765625,
        "f1-score": 0.9881422924901185,
        "support": 128
    },
    "49": {
        "precision": 1.0,
        "recall": 0.9924812030075187,
        "f1-score": 0.9962264150943396,
        "support": 133
    },
    "50": {
        "precision": 0.9590163934426229,
        "recall": 0.936,
        "f1-score": 0.9473684210526315,
        "support": 125
    },
    "51": {
        "precision": 1.0,
        "recall": 0.9928571428571429,
        "f1-score": 0.996415770609319,
        "support": 140
    },
    "52": {
        "precision": 1.0,
        "recall": 0.984375,
        "f1-score": 0.9921259842519685,