{
    "0": {
        "precision": 0.635036496350365,
        "recall": 0.6492537313432836,
        "f1-score": 0.6420664206642067,
        "support": 134
    },
    "1": {
        "precision": 0.7309941520467836,
        "recall": 0.8620689655172413,
        "f1-score": 0.7911392405063291,
        "support": 145
    },
    "2": {
        "precision": 0.9722222222222222,
        "recall": 0.8076923076923077,
        "f1-score": 0.8823529411764707,
        "support": 130
    },
    "3": {
        "precision": 0.7938931297709924,
        "recall": 0.8387096774193549,
        "f1-score": 0.8156862745098039,
        "support": 124
    },
    "4": {
        "precision": 0.7777777777777778,
        "recall": 0.784,
        "f1-score": 0.7808764940239045,
        "support": 125
    },
    "5": {
        "precision": 0.7635135135135135,
        "recall": 0.7847222222222222,
        "f1-score": 0.773972602739726,
        "support": 144
    },
    "6": {
        "precision": 0.717948717948718,
        "recall": 0.65625,
        "f1-score": 0.6857142857142856,
        "support": 128
    },
    "7": {
        "precision": 0.8899082568807339,
        "recall": 0.8434782608695652,
        "f1-score": 0.8660714285714286,
        "support": 115
    },
    "8": {
        "precision": 0.6060606060606061,
        "recall": 0.6106870229007634,
        "f1-score": 0.6083650190114068,
        "support": 131
    },
    "9": {
        "precision": 0.7483443708609272,
        "recall": 0.8248175182481752,
        "f1-score": 0.7847222222222223,
        "support": 137
    },
    "10": {
        "precision": 0.5,
        "recall": 0.46564885496183206,
        "f1-score": 0.48221343873517786,
        "support": 131
    },
    "11": {
        "precision": 0.7615894039735099,
        "recall": 0.8156028368794326,
        "f1-score": 0.7876712328767123,
        "support": 141
    },
    "12": {
        "precision": 0.8455284552845529,
        "recall": 0.8524590163934426,
        "f1-score": 0.8489795918367347,
        "support": 122
    },
    "13": {
        "precision": 0.795774647887324,
        "recall": 0.8071428571428572,
        "f1-score": 0.8014184397163121,
        "support": 140
    },
    "14": {
        "precision": 0.7889908256880734,
        "recall": 0.6771653543307087,
        "f1-score": 0.7288135593220338,
        "support": 127
    },
    "15": {
        "precision": 0.6408450704225352,
        "recall": 0.6594202898550725,
        "f1-score": 0.65,
        "support": 138
    },
    "16": {
        "precision": 0.48739495798319327,
        "recall": 0.44274809160305345,
        "f1-score": 0.464,
        "support": 131
    },
    "17": {
        "precision": 0.43703703703703706,
        "recall": 0.4573643410852713,
        "f1-score": 0.446969696969697,
        "support": 129
    },
    "18": {
        "precision": 0.7266187050359713,
        "recall": 0.7426470588235294,
        "f1-score": 0.7345454545454547,
        "support": 136
    },
    "19": {
        "precision": 0.5338345864661654,
        "recall": 0.5378787878787878,
        "f1-score": 0.5358490566037736,
        "support": 132
    },
    "20": {
        "precision": 0.7719298245614035,
        "recall": 0.7213114754098361,
        "f1-score": 0.7457627118644067,
        "support": 122
    },
    "21": {
        "precision": 0.5882352941176471,
        "recall": 0.6153846153846154,
        "f1-score": 0.6015037593984962,
        "support": 130
    },
    "22": {
        "precision": 0.8214285714285714,
        "recall": 0.7931034482758621,
        "f1-score": 0.8070175438596492,
        "support": 116
    },
    "23": {
        "precision": 0.674074074074074,
        "recall": 0.7338709677419355,
        "f1-score": 0.7027027027027026,
        "support": 124
    },
    "24": {
        "precision": 0.6693548387096774,
        "recall": 0.6747967479674797,
        "f1-score": 0.6720647773279351,
        "support": 123
    },
    "25": {
        "precision": 0.6302521008403361,
        "recall": 0.5725190839694656,
        "f1-score": 0.6,
        "support": 131
    },
    "26": {
        "precision": 0.696969696969697,
        "recall": 0.518796992481203,
        "f1-score": 0.5948275862068967,
        "support": 133
    },
    "27": {
        "precision": 0.6953125,
        "recall": 0.717741935483871,
        "f1-score": 0.7063492063492064,
        "support": 124
    },
    "28": {
        "precision": 0.5217391304347826,
        "recall": 0.39344262295081966,
        "f1-score": 0.4485981308411215,
        "support": 122
    },
    "29": {
        "precision": 0.6666666666666666,
        "recall": 0.5636363636363636,
        "f1-score": 0.6108374384236454,
        "support": 110
    },
    "30": {
        "precision": 0.6967213114754098,
        "recall": 0.7142857142857143,
        "f1-score": 0.7053941908713693,
        "support": 119
    },
    "31": {
        "precision": 0.7457627118644068,
        "recall": 0.7719298245614035,
        "f1-score": 0.7586206896551725,
        "support": 114
    },
    "32": {
        "precision": 0.751937984496124,
        "recall": 0.7578125,
        "f1-score": 0.754863813229572,
        "support": 128
    },
    "33": {
        "precision": 0.7596899224806202,
        "recall": 0.8235294117647058,
        "f1-score": 0.7903225806451613,
        "support": 119
    },
    "34": {
        "precision": 0.7373737373737373,
        "recall": 0.6239316239316239,
        "f1-score": 0.6759259259259258,
        "support": 117
    },
    "35": {
        "precision": 0.7647058823529411,
        "recall": 0.8455284552845529,
        "f1-score": 0.803088803088803,
        "support": 123
    },
    "36": {
        "precision": 0.6503496503496503,
        "recall": 0.7153846153846154,
        "f1-score": 0.6813186813186813,
        "support": 130
    },
    "37": {
        "precision": 0.6845637583892618,
        "recall": 0.7183098591549296,
        "f1-score": 0.7010309278350516,
        "support": 142
    },
    "38": {
        "precision": 0.6040268456375839,
        "recall": 0.6521739130434783,
        "f1-score": 0.6271777003484321,
        "support": 138
    },
    "39": {
        "precision": 0.6642335766423357,
        "recall": 0.7054263565891473,
        "f1-score": 0.6842105263157895,
        "support": 129
    },
    "40": {
        "precision": 0.6470588235294118,
        "recall": 0.7557251908396947,
        "f1-score": 0.6971830985915495,
        "support": 131
    },
    "41": {
        "precision": 0.6330935251798561,
        "recall": 0.6423357664233577,
        "f1-score": 0.6376811594202898,
        "support": 137
    },
    "42": {
        "precision": 0.5503875968992248,
        "recall": 0.6173913043478261,
        "f1-score": 0.5819672131147541,
        "support": 115
    },
    "43": {
        "precision": 0.8556701030927835,
        "recall": 0.6058394160583942,
        "f1-score": 0.7094017094017094,
        "support": 137
    },
    "44": {
        "precision": 0.5793650793650794,
        "recall": 0.6134453781512605,
        "f1-score": 0.5959183673469387,
        "support": 119
    },
    "45": {
        "precision": 0.7272727272727273,
        "recall": 0.6616541353383458,
        "f1-score": 0.6929133858267716,
        "support": 133
    },
    "46": {
        "precision": 0.7263157894736842,
        "recall": 0.5111111111111111,
        "f1-score": 0.6,
        "support": 135
    },
    "47": {
        "precision": 0.7909090909090909,
        "recall": 0.7073170731707317,
        "f1-score": 0.7467811158798283,
        "support": 123
    },
    "48": {
        "precision": 0.556390977443609,
        "recall": 0.578125,
        "f1-score": 0.5670498084291187,
        "support": 128
    },
    "49": {
        "precision": 0.6330935251798561,
        "recall": 0.6616541353383458,
        "f1-score": 0.6470588235294117,
        "support": 133
    },
    "50": {
        "precision": 0.47580645161290325,
        "recall": 0.472,