{
    "0": {
        "precision": 0.6126760563380281,
        "recall": 0.6492537313432836,
        "f1-score": 0.6304347826086957,
        "support": 134
    },
    "1": {
        "precision": 0.7045454545454546,
        "recall": 0.8551724137931035,
        "f1-score": 0.7725856697819314,
        "support": 145
    },
    "2": {
        "precision": 0.944954128440367,
        "recall": 0.7923076923076923,
        "f1-score": 0.8619246861924686,
        "support": 130
    },
    "3": {
        "precision": 0.7835820895522388,
        "recall": 0.8467741935483871,
        "f1-score": 0.813953488372093,
        "support": 124
    },
    "4": {
        "precision": 0.7741935483870968,
        "recall": 0.768,
        "f1-score": 0.7710843373493975,
        "support": 125
    },
    "5": {
        "precision": 0.7635135135135135,
        "recall": 0.7847222222222222,
        "f1-score": 0.773972602739726,
        "support": 144
    },
    "6": {
        "precision": 0.7241379310344828,
        "recall": 0.65625,
        "f1-score": 0.6885245901639345,
        "support": 128
    },
    "7": {
        "precision": 0.825,
        "recall": 0.8608695652173913,
        "f1-score": 0.8425531914893616,
        "support": 115
    },
    "8": {
        "precision": 0.5912408759124088,
        "recall": 0.6183206106870229,
        "f1-score": 0.6044776119402986,
        "support": 131
    },
    "9": {
        "precision": 0.7808219178082192,
        "recall": 0.8321167883211679,
        "f1-score": 0.8056537102473498,
        "support": 137
    },
    "10": {
        "precision": 0.5,
        "recall": 0.46564885496183206,
        "f1-score": 0.48221343873517786,
        "support": 131
    },
    "11": {
        "precision": 0.7615894039735099,
        "recall": 0.8156028368794326,
        "f1-score": 0.7876712328767123,
        "support": 141
    },
    "12": {
        "precision": 0.8455284552845529,
        "recall": 0.8524590163934426,
        "f1-score": 0.8489795918367347,
        "support": 122
    },
    "13": {
        "precision": 0.8248175182481752,
        "recall": 0.8071428571428572,
        "f1-score": 0.8158844765342961,
        "support": 140
    },
    "14": {
        "precision": 0.8037383177570093,
        "recall": 0.6771653543307087,
        "f1-score": 0.7350427350427351,
        "support": 127
    },
    "15": {
        "precision": 0.6363636363636364,
        "recall": 0.6594202898550725,
        "f1-score": 0.6476868327402134,
        "support": 138
    },
    "16": {
        "precision": 0.49606299212598426,
        "recall": 0.48091603053435117,
        "f1-score": 0.48837209302325585,
        "support": 131
    },
    "17": {
        "precision": 0.43478260869565216,
        "recall": 0.46511627906976744,
        "f1-score": 0.449438202247191,
        "support": 129
    },
    "18": {
        "precision": 0.7536231884057971,
        "recall": 0.7647058823529411,
        "f1-score": 0.759124087591241,
        "support": 136
    },
    "19": {
        "precision": 0.5343511450381679,
        "recall": 0.5303030303030303,
        "f1-score": 0.532319391634981,
        "support": 132
    },
    "20": {
        "precision": 0.7719298245614035,
        "recall": 0.7213114754098361,
        "f1-score": 0.7457627118644067,
        "support": 122
    },
    "21": {
        "precision": 0.5735294117647058,
        "recall": 0.6,
        "f1-score": 0.5864661654135338,
        "support": 130
    },
    "22": {
        "precision": 0.8440366972477065,
        "recall": 0.7931034482758621,
        "f1-score": 0.8177777777777778,
        "support": 116
    },
    "23": {
        "precision": 0.6791044776119403,
        "recall": 0.7338709677419355,
        "f1-score": 0.7054263565891472,
        "support": 124
    },
    "24": {
        "precision": 0.6859504132231405,
        "recall": 0.6747967479674797,
        "f1-score": 0.680327868852459,
        "support": 123
    },
    "25": {
        "precision": 0.6302521008403361,
        "recall": 0.5725190839694656,
        "f1-score": 0.6,
        "support": 131
    },
    "26": {
        "precision": 0.7083333333333334,
        "recall": 0.5112781954887218,
        "f1-score": 0.5938864628820961,
        "support": 133
    },
    "27": {
        "precision": 0.689922480620155,
        "recall": 0.717741935483871,
        "f1-score": 0.7035573122529645,
        "support": 124
    },
    "28": {
        "precision": 0.5274725274725275,
        "recall": 0.39344262295081966,
        "f1-score": 0.4507042253521127,
        "support": 122
    },
    "29": {
        "precision": 0.6888888888888889,
        "recall": 0.5636363636363636,
        "f1-score": 0.6199999999999999,
        "support": 110
    },
    "30": {
        "precision": 0.696,
        "recall": 0.7310924369747899,
        "f1-score": 0.7131147540983606,
        "support": 119
    },
    "31": {
        "precision": 0.7586206896551724,
        "recall": 0.7719298245614035,
        "f1-score": 0.7652173913043477,
        "support": 114
    },
    "32": {
        "precision": 0.751937984496124,
        "recall": 0.7578125,
        "f1-score": 0.754863813229572,
        "support": 128
    },
    "33": {
        "precision": 0.7578125,
        "recall": 0.8151260504201681,
        "f1-score": 0.7854251012145749,
        "support": 119
    },
    "34": {
        "precision": 0.73,
        "recall": 0.6239316239316239,
        "f1-score": 0.6728110599078341,
        "support": 117
    },
    "35": {
        "precision": 0.7737226277372263,
        "recall": 0.8617886178861789,
        "f1-score": 0.8153846153846154,
        "support": 123
    },
    "36": {
        "precision": 0.6503496503496503,
        "recall": 0.7153846153846154,
        "f1-score": 0.6813186813186813,
        "support": 130
    },
    "37": {
        "precision": 0.6824324324324325,
        "recall": 0.7112676056338029,
        "f1-score": 0.696551724137931,
        "support": 142
    },
    "38": {
        "precision": 0.5827814569536424,
        "recall": 0.6376811594202898,
        "f1-score": 0.6089965397923874,
        "support": 138
    },
    "39": {
        "precision": 0.6319444444444444,
        "recall": 0.7054263565891473,
        "f1-score": 0.6666666666666666,
        "support": 129
    },
    "40": {
        "precision": 0.6423841059602649,
        "recall": 0.7404580152671756,
        "f1-score": 0.6879432624113475,
        "support": 131
    },
    "41": {
        "precision": 0.6231884057971014,
        "recall": 0.6277372262773723,
        "f1-score": 0.6254545454545455,
        "support": 137
    },
    "42": {
        "precision": 0.5476190476190477,
        "recall": 0.6,
        "f1-score": 0.5726141078838175,
        "support": 115
    },
    "43": {
        "precision": 0.8469387755102041,
        "recall": 0.6058394160583942,
        "f1-score": 0.7063829787234043,
        "support": 137
    },
    "44": {
        "precision": 0.5887096774193549,
        "recall": 0.6134453781512605,
        "f1-score": 0.6008230452674898,
        "support": 119
    },
    "45": {
        "precision": 0.7154471544715447,
        "recall": 0.6616541353383458,
        "f1-score": 0.6875,
        "support": 133
    },
    "46": {
        "precision": 0.7311827956989247,
        "recall": 0.5037037037037037,
        "f1-score": 0.5964912280701754,
        "support": 135
    },
    "47": {
        "precision": 0.7909090909090909,
        "recall": 0.7073170731707317,
        "f1-score": 0.7467811158798283,
        "support": 123
    },
    "48": {
        "precision": 0.5522388059701493,
        "recall": 0.578125,
        "f1-score": 0.564885496183206,
        "support": 128
    },
    "49": {
        "precision": 0.6518518518518519,
        "recall": 0.6616541353383458,
        "f1-score": 0.6567164179104478,
        "support": 133
    },
    "50": {
        "precision": 0.46774193548387094,
        "recall": 0.464,
        "f1-score": 0.465863453815261,