{
    "0": {
        "precision": 0.6214285714285714,
        "recall": 0.6492537313432836,
        "f1-score": 0.635036496350365,
        "support": 134
    },
    "1": {
        "precision": 0.7142857142857143,
        "recall": 0.8620689655172413,
        "f1-score": 0.7812500000000001,
        "support": 145
    },
    "2": {
        "precision": 0.9719626168224299,
        "recall": 0.8,
        "f1-score": 0.8776371308016878,
        "support": 130
    },
    "3": {
        "precision": 0.8015267175572519,
        "recall": 0.8467741935483871,
        "f1-score": 0.8235294117647058,
        "support": 124
    },
    "4": {
        "precision": 0.7741935483870968,
        "recall": 0.768,
        "f1-score": 0.7710843373493975,
        "support": 125
    },
    "5": {
        "precision": 0.7702702702702703,
        "recall": 0.7916666666666666,
        "f1-score": 0.7808219178082192,
        "support": 144
    },
    "6": {
        "precision": 0.717948717948718,
        "recall": 0.65625,
        "f1-score": 0.6857142857142856,
        "support": 128
    },
    "7": {
        "precision": 0.8818181818181818,
        "recall": 0.8434782608695652,
        "f1-score": 0.8622222222222222,
        "support": 115
    },
    "8": {
        "precision": 0.5984848484848485,
        "recall": 0.6030534351145038,
        "f1-score": 0.6007604562737644,
        "support": 131
    },
    "9": {
        "precision": 0.773972602739726,
        "recall": 0.8248175182481752,
        "f1-score": 0.7985865724381626,
        "support": 137
    },
    "10": {
        "precision": 0.4959349593495935,
        "recall": 0.46564885496183206,
        "f1-score": 0.48031496062992124,
        "support": 131
    },
    "11": {
        "precision": 0.7549668874172185,
        "recall": 0.8085106382978723,
        "f1-score": 0.7808219178082192,
        "support": 141
    },
    "12": {
        "precision": 0.8467741935483871,
        "recall": 0.860655737704918,
        "f1-score": 0.853658536585366,
        "support": 122
    },
    "13": {
        "precision": 0.8129496402877698,
        "recall": 0.8071428571428572,
        "f1-score": 0.8100358422939068,
        "support": 140
    },
    "14": {
        "precision": 0.7589285714285714,
        "recall": 0.6692913385826772,
        "f1-score": 0.7112970711297071,
        "support": 127
    },
    "15": {
        "precision": 0.6408450704225352,
        "recall": 0.6594202898550725,
        "f1-score": 0.65,
        "support": 138
    },
    "16": {
        "precision": 0.5040650406504065,
        "recall": 0.4732824427480916,
        "f1-score": 0.4881889763779527,
        "support": 131
    },
    "17": {
        "precision": 0.43795620437956206,
        "recall": 0.46511627906976744,
        "f1-score": 0.45112781954887216,
        "support": 129
    },
    "18": {
        "precision": 0.7426470588235294,
        "recall": 0.7426470588235294,
        "f1-score": 0.7426470588235294,
        "support": 136
    },
    "19": {
        "precision": 0.5338345864661654,
        "recall": 0.5378787878787878,
        "f1-score": 0.5358490566037736,
        "support": 132
    },
    "20": {
        "precision": 0.7787610619469026,
        "recall": 0.7213114754098361,
        "f1-score": 0.748936170212766,
        "support": 122
    },
    "21": {
        "precision": 0.5693430656934306,
        "recall": 0.6,
        "f1-score": 0.5842696629213483,
        "support": 130
    },
    "22": {
        "precision": 0.8440366972477065,
        "recall": 0.7931034482758621,
        "f1-score": 0.8177777777777778,
        "support": 116
    },
    "23": {
        "precision": 0.6946564885496184,
        "recall": 0.7338709677419355,
        "f1-score": 0.7137254901960784,
        "support": 124
    },
    "24": {
        "precision": 0.6859504132231405,
        "recall": 0.6747967479674797,
        "f1-score": 0.680327868852459,
        "support": 123
    },
    "25": {
        "precision": 0.639344262295082,
        "recall": 0.5954198473282443,
        "f1-score": 0.616600790513834,
        "support": 131
    },
    "26": {
        "precision": 0.7282608695652174,
        "recall": 0.5037593984962406,
        "f1-score": 0.5955555555555555,
        "support": 133
    },
    "27": {
        "precision": 0.704,
        "recall": 0.7096774193548387,
        "f1-score": 0.7068273092369478,
        "support": 124
    },
    "28": {
        "precision": 0.49473684210526314,
        "recall": 0.38524590163934425,
        "f1-score": 0.4331797235023041,
        "support": 122
    },
    "29": {
        "precision": 0.6881720430107527,
        "recall": 0.5818181818181818,
        "f1-score": 0.6305418719211823,
        "support": 110
    },
    "30": {
        "precision": 0.6854838709677419,
        "recall": 0.7142857142857143,
        "f1-score": 0.6995884773662551,
        "support": 119
    },
    "31": {
        "precision": 0.7652173913043478,
        "recall": 0.7719298245614035,
        "f1-score": 0.7685589519650655,
        "support": 114
    },
    "32": {
        "precision": 0.7578125,
        "recall": 0.7578125,
        "f1-score": 0.7578125,
        "support": 128
    },
    "33": {
        "precision": 0.7596899224806202,
        "recall": 0.8235294117647058,
        "f1-score": 0.7903225806451613,
        "support": 119
    },
    "34": {
        "precision": 0.7373737373737373,
        "recall": 0.6239316239316239,
        "f1-score": 0.6759259259259258,
        "support": 117
    },
    "35": {
        "precision": 0.7608695652173914,
        "recall": 0.8536585365853658,
        "f1-score": 0.8045977011494252,
        "support": 123
    },
    "36": {
        "precision": 0.6458333333333334,
        "recall": 0.7153846153846154,
        "f1-score": 0.6788321167883212,
        "support": 130
    },
    "37": {
        "precision": 0.6891891891891891,
        "recall": 0.7183098591549296,
        "f1-score": 0.7034482758620689,
        "support": 142
    },
    "38": {
        "precision": 0.5986394557823129,
        "recall": 0.6376811594202898,
        "f1-score": 0.6175438596491228,
        "support": 138
    },
    "39": {
        "precision": 0.65,
        "recall": 0.7054263565891473,
        "f1-score": 0.6765799256505577,
        "support": 129
    },
    "40": {
        "precision": 0.6490066225165563,
        "recall": 0.7480916030534351,
        "f1-score": 0.6950354609929078,
        "support": 131
    },
    "41": {
        "precision": 0.624113475177305,
        "recall": 0.6423357664233577,
        "f1-score": 0.6330935251798561,
        "support": 137
    },
    "42": {
        "precision": 0.5267175572519084,
        "recall": 0.6,
        "f1-score": 0.5609756097560976,
        "support": 115
    },
    "43": {
        "precision": 0.8571428571428571,
        "recall": 0.6131386861313869,
        "f1-score": 0.7148936170212766,
        "support": 137
    },
    "44": {
        "precision": 0.5887096774193549,
        "recall": 0.6134453781512605,
        "f1-score": 0.6008230452674898,
        "support": 119
    },
    "45": {
        "precision": 0.704,
        "recall": 0.6616541353383458,
        "f1-score": 0.6821705426356589,
        "support": 133
    },
    "46": {
        "precision": 0.723404255319149,
        "recall": 0.5037037037037037,
        "f1-score": 0.593886462882096,
        "support": 135
    },
    "47": {
        "precision": 0.7909090909090909,
        "recall": 0.7073170731707317,
        "f1-score": 0.7467811158798283,
        "support": 123
    },
    "48": {
        "precision": 0.5488721804511278,
        "recall": 0.5703125,
        "f1-score": 0.5593869731800767,
        "support": 128
    },
    "49": {
        "precision": 0.6285714285714286,
        "recall": 0.6616541353383458,
        "f1-score": 0.6446886446886446,
        "support": 133
    },
    "50": {
        "precision": 0.4715447154471545,
        "recall": 0.464,
        "f1-score": 0.46774193548387094,