{
    "0": {
        "precision": 0.8461538461538461,
        "recall": 0.8208955223880597,
        "f1-score": 0.8333333333333334,
        "support": 134
    },
    "1": {
        "precision": 0.8452380952380952,
        "recall": 0.9793103448275862,
        "f1-score": 0.9073482428115017,
        "support": 145
    },
    "2": {
        "precision": 0.9534883720930233,
        "recall": 0.9461538461538461,
        "f1-score": 0.9498069498069497,
        "support": 130
    },
    "3": {
        "precision": 0.9133858267716536,
        "recall": 0.9354838709677419,
        "f1-score": 0.9243027888446215,
        "support": 124
    },
    "4": {
        "precision": 0.8661971830985915,
        "recall": 0.984,
        "f1-score": 0.9213483146067416,
        "support": 125
    },
    "5": {
        "precision": 0.8242424242424242,
        "recall": 0.9444444444444444,
        "f1-score": 0.8802588996763754,
        "support": 144
    },
    "6": {
        "precision": 0.8790322580645161,
        "recall": 0.8515625,
        "f1-score": 0.8650793650793651,
        "support": 128
    },
    "7": {
        "precision": 0.923728813559322,
        "recall": 0.9478260869565217,
        "f1-score": 0.9356223175965666,
        "support": 115
    },
    "8": {
        "precision": 0.8503401360544217,
        "recall": 0.9541984732824428,
        "f1-score": 0.8992805755395683,
        "support": 131
    },
    "9": {
        "precision": 0.86,
        "recall": 0.9416058394160584,
        "f1-score": 0.8989547038327527,
        "support": 137
    },
    "10": {
        "precision": 0.7039106145251397,
        "recall": 0.9618320610687023,
        "f1-score": 0.8129032258064516,
        "support": 131
    },
    "11": {
        "precision": 0.8851351351351351,
        "recall": 0.9290780141843972,
        "f1-score": 0.9065743944636678,
        "support": 141
    },
    "12": {
        "precision": 0.8394160583941606,
        "recall": 0.9426229508196722,
        "f1-score": 0.888030888030888,
        "support": 122
    },
    "13": {
        "precision": 0.8280254777070064,
        "recall": 0.9285714285714286,
        "f1-score": 0.8754208754208754,
        "support": 140
    },
    "14": {
        "precision": 0.8273381294964028,
        "recall": 0.905511811023622,
        "f1-score": 0.8646616541353382,
        "support": 127
    },
    "15": {
        "precision": 0.9137931034482759,
        "recall": 0.7681159420289855,
        "f1-score": 0.8346456692913387,
        "support": 138
    },
    "16": {
        "precision": 0.8888888888888888,
        "recall": 0.7938931297709924,
        "f1-score": 0.8387096774193549,
        "support": 131
    },
    "17": {
        "precision": 0.88,
        "recall": 0.6821705426356589,
        "f1-score": 0.7685589519650655,
        "support": 129
    },
    "18": {
        "precision": 0.9629629629629629,
        "recall": 0.9558823529411765,
        "f1-score": 0.959409594095941,
        "support": 136
    },
    "19": {
        "precision": 0.8991596638655462,
        "recall": 0.8106060606060606,
        "f1-score": 0.852589641434263,
        "support": 132
    },
    "20": {
        "precision": 0.9215686274509803,
        "recall": 0.7704918032786885,
        "f1-score": 0.8392857142857142,
        "support": 122
    },
    "21": {
        "precision": 0.7851851851851852,
        "recall": 0.8153846153846154,
        "f1-score": 0.7999999999999999,
        "support": 130
    },
    "22": {
        "precision": 0.8833333333333333,
        "recall": 0.9137931034482759,
        "f1-score": 0.8983050847457628,
        "support": 116
    },
    "23": {
        "precision": 0.9224137931034483,
        "recall": 0.8629032258064516,
        "f1-score": 0.8916666666666667,
        "support": 124
    },
    "24": {
        "precision": 0.9401709401709402,
        "recall": 0.8943089430894309,
        "f1-score": 0.9166666666666666,
        "support": 123
    },
    "25": {
        "precision": 0.8068965517241379,
        "recall": 0.8931297709923665,
        "f1-score": 0.8478260869565216,
        "support": 131
    },
    "26": {
        "precision": 0.9732142857142857,
        "recall": 0.8195488721804511,
        "f1-score": 0.889795918367347,
        "support": 133
    },
    "27": {
        "precision": 0.9504132231404959,
        "recall": 0.9274193548387096,
        "f1-score": 0.9387755102040816,
        "support": 124
    },
    "28": {
        "precision": 0.9411764705882353,
        "recall": 0.6557377049180327,
        "f1-score": 0.7729468599033815,
        "support": 122
    },
    "29": {
        "precision": 0.8389830508474576,
        "recall": 0.9,
        "f1-score": 0.868421052631579,
        "support": 110
    },
    "30": {
        "precision": 0.8879310344827587,
        "recall": 0.865546218487395,
        "f1-score": 0.8765957446808511,
        "support": 119
    },
    "31": {
        "precision": 0.9719626168224299,
        "recall": 0.9122807017543859,
        "f1-score": 0.9411764705882353,
        "support": 114
    },
    "32": {
        "precision": 0.8768115942028986,
        "recall": 0.9453125,
        "f1-score": 0.9097744360902256,
        "support": 128
    },
    "33": {
        "precision": 0.8225806451612904,
        "recall": 0.8571428571428571,
        "f1-score": 0.8395061728395062,
        "support": 119
    },
    "34": {
        "precision": 0.8211382113821138,
        "recall": 0.8632478632478633,
        "f1-score": 0.8416666666666667,
        "support": 117
    },
    "35": {
        "precision": 0.9296875,
        "recall": 0.967479674796748,
        "f1-score": 0.9482071713147411,
        "support": 123
    },
    "36": {
        "precision": 0.8992248062015504,
        "recall": 0.8923076923076924,
        "f1-score": 0.8957528957528959,
        "support": 130
    },
    "37": {
        "precision": 0.9041095890410958,
        "recall": 0.9295774647887324,
        "f1-score": 0.9166666666666666,
        "support": 142
    },
    "38": {
        "precision": 0.8639455782312925,
        "recall": 0.9202898550724637,
        "f1-score": 0.8912280701754386,
        "support": 138
    },
    "39": {
        "precision": 0.8692307692307693,
        "recall": 0.875968992248062,
        "f1-score": 0.8725868725868725,
        "support": 129
    },
    "40": {
        "precision": 0.9037037037037037,
        "recall": 0.9312977099236641,
        "f1-score": 0.9172932330827067,
        "support": 131
    },
    "41": {
        "precision": 0.9310344827586207,
        "recall": 0.7883211678832117,
        "f1-score": 0.8537549407114624,
        "support": 137
    },
    "42": {
        "precision": 0.96,
        "recall": 0.8347826086956521,
        "f1-score": 0.8930232558139534,
        "support": 115
    },
    "43": {
        "precision": 0.9752066115702479,
        "recall": 0.8613138686131386,
        "f1-score": 0.9147286821705425,
        "support": 137
    },
    "44": {
        "precision": 0.8879310344827587,
        "recall": 0.865546218487395,
        "f1-score": 0.8765957446808511,
        "support": 119
    },
    "45": {
        "precision": 0.9274193548387096,
        "recall": 0.8646616541353384,
        "f1-score": 0.8949416342412451,
        "support": 133
    },
    "46": {
        "precision": 0.8846153846153846,
        "recall": 0.8518518518518519,
        "f1-score": 0.8679245283018868,
        "support": 135
    },
    "47": {
        "precision": 0.9752066115702479,
        "recall": 0.959349593495935,
        "f1-score": 0.9672131147540983,
        "support": 123
    },
    "48": {
        "precision": 0.8846153846153846,
        "recall": 0.8984375,
        "f1-score": 0.8914728682170543,
        "support": 128
    },
    "49": {
        "precision": 0.9629629629629629,
        "recall": 0.9774436090225563,
        "f1-score": 0.9701492537313433,
        "support": 133
    },
    "50": {
        "precision": 0.896,
        "recall": 0.896,