{
    "0": {
        "precision": 0.6126760563380281,
        "recall": 0.6492537313432836,
        "f1-score": 0.6304347826086957,
        "support": 134
    },
    "1": {
        "precision": 0.7167630057803468,
        "recall": 0.8551724137931035,
        "f1-score": 0.779874213836478,
        "support": 145
    },
    "2": {
        "precision": 0.9813084112149533,
        "recall": 0.8076923076923077,
        "f1-score": 0.8860759493670886,
        "support": 130
    },
    "3": {
        "precision": 0.7894736842105263,
        "recall": 0.8467741935483871,
        "f1-score": 0.8171206225680934,
        "support": 124
    },
    "4": {
        "precision": 0.7559055118110236,
        "recall": 0.768,
        "f1-score": 0.761904761904762,
        "support": 125
    },
    "5": {
        "precision": 0.7651006711409396,
        "recall": 0.7916666666666666,
        "f1-score": 0.7781569965870307,
        "support": 144
    },
    "6": {
        "precision": 0.7355371900826446,
        "recall": 0.6953125,
        "f1-score": 0.714859437751004,
        "support": 128
    },
    "7": {
        "precision": 0.8181818181818182,
        "recall": 0.8608695652173913,
        "f1-score": 0.8389830508474576,
        "support": 115
    },
    "8": {
        "precision": 0.583941605839416,
        "recall": 0.6106870229007634,
        "f1-score": 0.5970149253731343,
        "support": 131
    },
    "9": {
        "precision": 0.76,
        "recall": 0.8321167883211679,
        "f1-score": 0.794425087108014,
        "support": 137
    },
    "10": {
        "precision": 0.5041322314049587,
        "recall": 0.46564885496183206,
        "f1-score": 0.48412698412698413,
        "support": 131
    },
    "11": {
        "precision": 0.7702702702702703,
        "recall": 0.8085106382978723,
        "f1-score": 0.7889273356401383,
        "support": 141
    },
    "12": {
        "precision": 0.8416666666666667,
        "recall": 0.8278688524590164,
        "f1-score": 0.8347107438016529,
        "support": 122
    },
    "13": {
        "precision": 0.837037037037037,
        "recall": 0.8071428571428572,
        "f1-score": 0.8218181818181819,
        "support": 140
    },
    "14": {
        "precision": 0.7727272727272727,
        "recall": 0.6692913385826772,
        "f1-score": 0.7172995780590717,
        "support": 127
    },
    "15": {
        "precision": 0.6408450704225352,
        "recall": 0.6594202898550725,
        "f1-score": 0.65,
        "support": 138
    },
    "16": {
        "precision": 0.5203252032520326,
        "recall": 0.48854961832061067,
        "f1-score": 0.5039370078740157,
        "support": 131
    },
    "17": {
        "precision": 0.43703703703703706,
        "recall": 0.4573643410852713,
        "f1-score": 0.446969696969697,
        "support": 129
    },
    "18": {
        "precision": 0.7391304347826086,
        "recall": 0.75,
        "f1-score": 0.7445255474452556,
        "support": 136
    },
    "19": {
        "precision": 0.5338345864661654,
        "recall": 0.5378787878787878,
        "f1-score": 0.5358490566037736,
        "support": 132
    },
    "20": {
        "precision": 0.7787610619469026,
        "recall": 0.7213114754098361,
        "f1-score": 0.748936170212766,
        "support": 122
    },
    "21": {
        "precision": 0.5851851851851851,
        "recall": 0.6076923076923076,
        "f1-score": 0.5962264150943395,
        "support": 130
    },
    "22": {
        "precision": 0.8214285714285714,
        "recall": 0.7931034482758621,
        "f1-score": 0.8070175438596492,
        "support": 116
    },
    "23": {
        "precision": 0.6691176470588235,
        "recall": 0.7338709677419355,
        "f1-score": 0.7000000000000001,
        "support": 124
    },
    "24": {
        "precision": 0.6693548387096774,
        "recall": 0.6747967479674797,
        "f1-score": 0.6720647773279351,
        "support": 123
    },
    "25": {
        "precision": 0.6637931034482759,
        "recall": 0.5877862595419847,
        "f1-score": 0.6234817813765183,
        "support": 131
    },
    "26": {
        "precision": 0.6938775510204082,
        "recall": 0.5112781954887218,
        "f1-score": 0.5887445887445887,
        "support": 133
    },
    "27": {
        "precision": 0.7295081967213115,
        "recall": 0.717741935483871,
        "f1-score": 0.7235772357723578,
        "support": 124
    },
    "28": {
        "precision": 0.5161290322580645,
        "recall": 0.39344262295081966,
        "f1-score": 0.44651162790697674,
        "support": 122
    },
    "29": {
        "precision": 0.6888888888888889,
        "recall": 0.5636363636363636,
        "f1-score": 0.6199999999999999,
        "support": 110
    },
    "30": {
        "precision": 0.6942148760330579,
        "recall": 0.7058823529411765,
        "f1-score": 0.7000000000000001,
        "support": 119
    },
    "31": {
        "precision": 0.7563025210084033,
        "recall": 0.7894736842105263,
        "f1-score": 0.7725321888412017,
        "support": 114
    },
    "32": {
        "precision": 0.7348484848484849,
        "recall": 0.7578125,
        "f1-score": 0.7461538461538462,
        "support": 128
    },
    "33": {
        "precision": 0.765625,
        "recall": 0.8235294117647058,
        "f1-score": 0.7935222672064778,
        "support": 119
    },
    "34": {
        "precision": 0.7346938775510204,
        "recall": 0.6153846153846154,
        "f1-score": 0.6697674418604652,
        "support": 117
    },
    "35": {
        "precision": 0.7786259541984732,
        "recall": 0.8292682926829268,
        "f1-score": 0.8031496062992125,
        "support": 123
    },
    "36": {
        "precision": 0.6458333333333334,
        "recall": 0.7153846153846154,
        "f1-score": 0.6788321167883212,
        "support": 130
    },
    "37": {
        "precision": 0.6754966887417219,
        "recall": 0.7183098591549296,
        "f1-score": 0.6962457337883959,
        "support": 142
    },
    "38": {
        "precision": 0.5933333333333334,
        "recall": 0.644927536231884,
        "f1-score": 0.6180555555555556,
        "support": 138
    },
    "39": {
        "precision": 0.6190476190476191,
        "recall": 0.7054263565891473,
        "f1-score": 0.6594202898550725,
        "support": 129
    },
    "40": {
        "precision": 0.6470588235294118,
        "recall": 0.7557251908396947,
        "f1-score": 0.6971830985915495,
        "support": 131
    },
    "41": {
        "precision": 0.6142857142857143,
        "recall": 0.6277372262773723,
        "f1-score": 0.6209386281588448,
        "support": 137
    },
    "42": {
        "precision": 0.5419847328244275,
        "recall": 0.6173913043478261,
        "f1-score": 0.5772357723577235,
        "support": 115
    },
    "43": {
        "precision": 0.8484848484848485,
        "recall": 0.6131386861313869,
        "f1-score": 0.7118644067796611,
        "support": 137
    },
    "44": {
        "precision": 0.584,
        "recall": 0.6134453781512605,
        "f1-score": 0.5983606557377049,
        "support": 119
    },
    "45": {
        "precision": 0.704,
        "recall": 0.6616541353383458,
        "f1-score": 0.6821705426356589,
        "support": 133
    },
    "46": {
        "precision": 0.7340425531914894,
        "recall": 0.5111111111111111,
        "f1-score": 0.6026200873362445,
        "support": 135
    },
    "47": {
        "precision": 0.7909090909090909,
        "recall": 0.7073170731707317,
        "f1-score": 0.7467811158798283,
        "support": 123
    },
    "48": {
        "precision": 0.556390977443609,
        "recall": 0.578125,
        "f1-score": 0.5670498084291187,
        "support": 128
    },
    "49": {
        "precision": 0.6492537313432836,
        "recall": 0.6541353383458647,
        "f1-score": 0.6516853932584269,
        "support": 133
    },
    "50": {
        "precision": 0.4634146341463415,
        "recall": 0.456,