{
    "0": {
        "precision": 0.8181818181818182,
        "recall": 0.8059701492537313,
        "f1-score": 0.8120300751879699,
        "support": 134
    },
    "1": {
        "precision": 0.8313953488372093,
        "recall": 0.9862068965517241,
        "f1-score": 0.9022082018927445,
        "support": 145
    },
    "2": {
        "precision": 0.9457364341085271,
        "recall": 0.9384615384615385,
        "f1-score": 0.942084942084942,
        "support": 130
    },
    "3": {
        "precision": 0.9206349206349206,
        "recall": 0.9354838709677419,
        "f1-score": 0.9279999999999999,
        "support": 124
    },
    "4": {
        "precision": 0.8445945945945946,
        "recall": 1.0,
        "f1-score": 0.9157509157509157,
        "support": 125
    },
    "5": {
        "precision": 0.7873563218390804,
        "recall": 0.9513888888888888,
        "f1-score": 0.8616352201257862,
        "support": 144
    },
    "6": {
        "precision": 0.8809523809523809,
        "recall": 0.8671875,
        "f1-score": 0.874015748031496,
        "support": 128
    },
    "7": {
        "precision": 0.9008264462809917,
        "recall": 0.9478260869565217,
        "f1-score": 0.923728813559322,
        "support": 115
    },
    "8": {
        "precision": 0.8169934640522876,
        "recall": 0.9541984732824428,
        "f1-score": 0.8802816901408452,
        "support": 131
    },
    "9": {
        "precision": 0.8827586206896552,
        "recall": 0.9343065693430657,
        "f1-score": 0.9078014184397163,
        "support": 137
    },
    "10": {
        "precision": 0.7321428571428571,
        "recall": 0.9389312977099237,
        "f1-score": 0.822742474916388,
        "support": 131
    },
    "11": {
        "precision": 0.8835616438356164,
        "recall": 0.9148936170212766,
        "f1-score": 0.8989547038327526,
        "support": 141
    },
    "12": {
        "precision": 0.8592592592592593,
        "recall": 0.9508196721311475,
        "f1-score": 0.9027237354085603,
        "support": 122
    },
    "13": {
        "precision": 0.8407643312101911,
        "recall": 0.9428571428571428,
        "f1-score": 0.8888888888888888,
        "support": 140
    },
    "14": {
        "precision": 0.823943661971831,
        "recall": 0.9212598425196851,
        "f1-score": 0.8698884758364311,
        "support": 127
    },
    "15": {
        "precision": 0.8983050847457628,
        "recall": 0.7681159420289855,
        "f1-score": 0.828125,
        "support": 138
    },
    "16": {
        "precision": 0.8898305084745762,
        "recall": 0.8015267175572519,
        "f1-score": 0.8433734939759036,
        "support": 131
    },
    "17": {
        "precision": 0.9052631578947369,
        "recall": 0.6666666666666666,
        "f1-score": 0.7678571428571428,
        "support": 129
    },
    "18": {
        "precision": 0.9624060150375939,
        "recall": 0.9411764705882353,
        "f1-score": 0.9516728624535316,
        "support": 136
    },
    "19": {
        "precision": 0.8823529411764706,
        "recall": 0.7954545454545454,
        "f1-score": 0.8366533864541832,
        "support": 132
    },
    "20": {
        "precision": 0.8857142857142857,
        "recall": 0.7622950819672131,
        "f1-score": 0.8193832599118942,
        "support": 122
    },
    "21": {
        "precision": 0.8,
        "recall": 0.8307692307692308,
        "f1-score": 0.8150943396226417,
        "support": 130
    },
    "22": {
        "precision": 0.8760330578512396,
        "recall": 0.9137931034482759,
        "f1-score": 0.8945147679324894,
        "support": 116
    },
    "23": {
        "precision": 0.9396551724137931,
        "recall": 0.8790322580645161,
        "f1-score": 0.9083333333333334,
        "support": 124
    },
    "24": {
        "precision": 0.9067796610169492,
        "recall": 0.8699186991869918,
        "f1-score": 0.8879668049792531,
        "support": 123
    },
    "25": {
        "precision": 0.8263888888888888,
        "recall": 0.9083969465648855,
        "f1-score": 0.8654545454545455,
        "support": 131
    },
    "26": {
        "precision": 0.9565217391304348,
        "recall": 0.8270676691729323,
        "f1-score": 0.8870967741935483,
        "support": 133
    },
    "27": {
        "precision": 0.9830508474576272,
        "recall": 0.9354838709677419,
        "f1-score": 0.9586776859504132,
        "support": 124
    },
    "28": {
        "precision": 0.9555555555555556,
        "recall": 0.7049180327868853,
        "f1-score": 0.8113207547169811,
        "support": 122
    },
    "29": {
        "precision": 0.875,
        "recall": 0.8909090909090909,
        "f1-score": 0.8828828828828829,
        "support": 110
    },
    "30": {
        "precision": 0.8467741935483871,
        "recall": 0.8823529411764706,
        "f1-score": 0.8641975308641976,
        "support": 119
    },
    "31": {
        "precision": 0.9724770642201835,
        "recall": 0.9298245614035088,
        "f1-score": 0.9506726457399103,
        "support": 114
    },
    "32": {
        "precision": 0.8823529411764706,
        "recall": 0.9375,
        "f1-score": 0.9090909090909091,
        "support": 128
    },
    "33": {
        "precision": 0.816,
        "recall": 0.8571428571428571,
        "f1-score": 0.8360655737704918,
        "support": 119
    },
    "34": {
        "precision": 0.7984496124031008,
        "recall": 0.8803418803418803,
        "f1-score": 0.8373983739837397,
        "support": 117
    },
    "35": {
        "precision": 0.9147286821705426,
        "recall": 0.959349593495935,
        "f1-score": 0.9365079365079364,
        "support": 123
    },
    "36": {
        "precision": 0.9032258064516129,
        "recall": 0.8615384615384616,
        "f1-score": 0.8818897637795274,
        "support": 130
    },
    "37": {
        "precision": 0.9020979020979021,
        "recall": 0.9084507042253521,
        "f1-score": 0.9052631578947369,
        "support": 142
    },
    "38": {
        "precision": 0.8431372549019608,
        "recall": 0.9347826086956522,
        "f1-score": 0.8865979381443299,
        "support": 138
    },
    "39": {
        "precision": 0.873015873015873,
        "recall": 0.8527131782945736,
        "f1-score": 0.8627450980392157,
        "support": 129
    },
    "40": {
        "precision": 0.8962962962962963,
        "recall": 0.9236641221374046,
        "f1-score": 0.9097744360902255,
        "support": 131
    },
    "41": {
        "precision": 0.9385964912280702,
        "recall": 0.781021897810219,
        "f1-score": 0.852589641434263,
        "support": 137
    },
    "42": {
        "precision": 0.9306930693069307,
        "recall": 0.8173913043478261,
        "f1-score": 0.8703703703703703,
        "support": 115
    },
    "43": {
        "precision": 0.9913793103448276,
        "recall": 0.8394160583941606,
        "f1-score": 0.9090909090909091,
        "support": 137
    },
    "44": {
        "precision": 0.8888888888888888,
        "recall": 0.8739495798319328,
        "f1-score": 0.8813559322033899,
        "support": 119
    },
    "45": {
        "precision": 0.9212598425196851,
        "recall": 0.8796992481203008,
        "f1-score": 0.9,
        "support": 133
    },
    "46": {
        "precision": 0.8984375,
        "recall": 0.8518518518518519,
        "f1-score": 0.8745247148288974,
        "support": 135
    },
    "47": {
        "precision": 0.9833333333333333,
        "recall": 0.959349593495935,
        "f1-score": 0.97119341563786,
        "support": 123
    },
    "48": {
        "precision": 0.8914728682170543,
        "recall": 0.8984375,
        "f1-score": 0.8949416342412452,
        "support": 128
    },
    "49": {
        "precision": 0.9701492537313433,
        "recall": 0.9774436090225563,
        "f1-score": 0.9737827715355805,
        "support": 133
    },
    "50": {
        "precision": 0.8285714285714286,
        "recall": 0.928,