{
    "0": {
        "precision": 0.8639455782312925,
        "recall": 0.9477611940298507,
        "f1-score": 0.903914590747331,
        "support": 134
    },
    "1": {
        "precision": 0.9290322580645162,
        "recall": 0.993103448275862,
        "f1-score": 0.9600000000000001,
        "support": 145
    },
    "2": {
        "precision": 0.9629629629629629,
        "recall": 1.0,
        "f1-score": 0.9811320754716981,
        "support": 130
    },
    "3": {
        "precision": 0.9763779527559056,
        "recall": 1.0,
        "f1-score": 0.9880478087649402,
        "support": 124
    },
    "4": {
        "precision": 0.9615384615384616,
        "recall": 1.0,
        "f1-score": 0.9803921568627451,
        "support": 125
    },
    "5": {
        "precision": 0.993103448275862,
        "recall": 1.0,
        "f1-score": 0.9965397923875432,
        "support": 144
    },
    "6": {
        "precision": 0.9696969696969697,
        "recall": 1.0,
        "f1-score": 0.9846153846153847,
        "support": 128
    },
    "7": {
        "precision": 0.9824561403508771,
        "recall": 0.9739130434782609,
        "f1-score": 0.9781659388646288,
        "support": 115
    },
    "8": {
        "precision": 0.9772727272727273,
        "recall": 0.9847328244274809,
        "f1-score": 0.9809885931558935,
        "support": 131
    },
    "9": {
        "precision": 0.9577464788732394,
        "recall": 0.9927007299270073,
        "f1-score": 0.974910394265233,
        "support": 137
    },
    "10": {
        "precision": 0.9477611940298507,
        "recall": 0.9694656488549618,
        "f1-score": 0.9584905660377357,
        "support": 131
    },
    "11": {
        "precision": 0.9850746268656716,
        "recall": 0.9361702127659575,
        "f1-score": 0.96,
        "support": 141
    },
    "12": {
        "precision": 0.976,
        "recall": 1.0,
        "f1-score": 0.9878542510121457,
        "support": 122
    },
    "13": {
        "precision": 0.9787234042553191,
        "recall": 0.9857142857142858,
        "f1-score": 0.9822064056939502,
        "support": 140
    },
    "14": {
        "precision": 0.9538461538461539,
        "recall": 0.9763779527559056,
        "f1-score": 0.9649805447470817,
        "support": 127
    },
    "15": {
        "precision": 0.9747899159663865,
        "recall": 0.8405797101449275,
        "f1-score": 0.9027237354085604,
        "support": 138
    },
    "16": {
        "precision": 1.0,
        "recall": 0.9465648854961832,
        "f1-score": 0.9725490196078431,
        "support": 131
    },
    "17": {
        "precision": 0.9692307692307692,
        "recall": 0.9767441860465116,
        "f1-score": 0.9729729729729729,
        "support": 129
    },
    "18": {
        "precision": 0.9926470588235294,
        "recall": 0.9926470588235294,
        "f1-score": 0.9926470588235294,
        "support": 136
    },
    "19": {
        "precision": 1.0,
        "recall": 0.9696969696969697,
        "f1-score": 0.9846153846153847,
        "support": 132
    },
    "20": {
        "precision": 0.6685082872928176,
        "recall": 0.9918032786885246,
        "f1-score": 0.7986798679867986,
        "support": 122
    },
    "21": {
        "precision": 0.9765625,
        "recall": 0.9615384615384616,
        "f1-score": 0.9689922480620154,
        "support": 130
    },
    "22": {
        "precision": 0.9830508474576272,
        "recall": 1.0,
        "f1-score": 0.9914529914529915,
        "support": 116
    },
    "23": {
        "precision": 0.9919354838709677,
        "recall": 0.9919354838709677,
        "f1-score": 0.9919354838709677,
        "support": 124
    },
    "24": {
        "precision": 0.9603174603174603,
        "recall": 0.983739837398374,
        "f1-score": 0.9718875502008032,
        "support": 123
    },
    "25": {
        "precision": 0.9846153846153847,
        "recall": 0.9770992366412213,
        "f1-score": 0.9808429118773947,
        "support": 131
    },
    "26": {
        "precision": 0.9848484848484849,
        "recall": 0.9774436090225563,
        "f1-score": 0.981132075471698,
        "support": 133
    },
    "27": {
        "precision": 0.992,
        "recall": 1.0,
        "f1-score": 0.9959839357429718,
        "support": 124
    },
    "28": {
        "precision": 0.9523809523809523,
        "recall": 0.9836065573770492,
        "f1-score": 0.9677419354838709,
        "support": 122
    },
    "29": {
        "precision": 0.9642857142857143,
        "recall": 0.9818181818181818,
        "f1-score": 0.972972972972973,
        "support": 110
    },
    "30": {
        "precision": 1.0,
        "recall": 0.9663865546218487,
        "f1-score": 0.9829059829059829,
        "support": 119
    },
    "31": {
        "precision": 1.0,
        "recall": 0.9824561403508771,
        "f1-score": 0.9911504424778761,
        "support": 114
    },
    "32": {
        "precision": 1.0,
        "recall": 0.984375,
        "f1-score": 0.9921259842519685,
        "support": 128
    },
    "33": {
        "precision": 0.9516129032258065,
        "recall": 0.4957983193277311,
        "f1-score": 0.6519337016574586,
        "support": 119
    },
    "34": {
        "precision": 0.9586776859504132,
        "recall": 0.9914529914529915,
        "f1-score": 0.9747899159663866,
        "support": 117
    },
    "35": {
        "precision": 1.0,
        "recall": 0.991869918699187,
        "f1-score": 0.9959183673469388,
        "support": 123
    },
    "36": {
        "precision": 1.0,
        "recall": 1.0,
        "f1-score": 1.0,
        "support": 130
    },
    "37": {
        "precision": 1.0,
        "recall": 0.971830985915493,
        "f1-score": 0.9857142857142858,
        "support": 142
    },
    "38": {
        "precision": 1.0,
        "recall": 0.9855072463768116,
        "f1-score": 0.9927007299270074,
        "support": 138
    },
    "39": {
        "precision": 0.9846153846153847,
        "recall": 0.9922480620155039,
        "f1-score": 0.9884169884169884,
        "support": 129
    },
    "40": {
        "precision": 0.9923664122137404,
        "recall": 0.9923664122137404,
        "f1-score": 0.9923664122137404,
        "support": 131
    },
    "41": {
        "precision": 0.9852941176470589,
        "recall": 0.9781021897810219,
        "f1-score": 0.9816849816849818,
        "support": 137
    },
    "42": {
        "precision": 1.0,
        "recall": 0.991304347826087,
        "f1-score": 0.9956331877729258,
        "support": 115
    },
    "43": {
        "precision": 0.9927536231884058,
        "recall": 1.0,
        "f1-score": 0.9963636363636363,
        "support": 137
    },
    "44": {
        "precision": 1.0,
        "recall": 1.0,
        "f1-score": 1.0,
        "support": 119
    },
    "45": {
        "precision": 1.0,
        "recall": 0.9774436090225563,
        "f1-score": 0.988593155893536,
        "support": 133
    },
    "46": {
        "precision": 0.9849624060150376,
        "recall": 0.9703703703703703,
        "f1-score": 0.9776119402985074,
        "support": 135
    },
    "47": {
        "precision": 0.984,
        "recall": 1.0,
        "f1-score": 0.9919354838709677,
        "support": 123
    },
    "48": {
        "precision": 1.0,
        "recall": 0.9921875,
        "f1-score": 0.996078431372549,
        "support": 128
    },
    "49": {
        "precision": 0.9925373134328358,
        "recall": 1.0,
        "f1-score": 0.9962546816479401,
        "support": 133
    },
    "50": {
        "precision": 0.9393939393939394,
        "recall": 0.992,
        "f1-score": 0.9649805447470818,
        "support": 125
    },
    "51": {
        "precision": 0.9928057553956835,
        "recall": 0.9857142857142858,
        "f1-score": 0.989247311827957,
        "support": 140
    },
    "52": {
        "precision": 0.9921875,
        "recall": 0.9921875,
        "f1-score": 0.9921875,
        "support": 128
    },