{
    "0": {
        "precision": 0.8148148148148148,
        "recall": 0.8208955223880597,
        "f1-score": 0.8178438661710037,
        "support": 134
    },
    "1": {
        "precision": 0.8313953488372093,
        "recall": 0.9862068965517241,
        "f1-score": 0.9022082018927445,
        "support": 145
    },
    "2": {
        "precision": 0.9596774193548387,
        "recall": 0.9153846153846154,
        "f1-score": 0.9370078740157479,
        "support": 130
    },
    "3": {
        "precision": 0.928,
        "recall": 0.9354838709677419,
        "f1-score": 0.931726907630522,
        "support": 124
    },
    "4": {
        "precision": 0.8367346938775511,
        "recall": 0.984,
        "f1-score": 0.9044117647058824,
        "support": 125
    },
    "5": {
        "precision": 0.8192771084337349,
        "recall": 0.9444444444444444,
        "f1-score": 0.8774193548387097,
        "support": 144
    },
    "6": {
        "precision": 0.875,
        "recall": 0.875,
        "f1-score": 0.875,
        "support": 128
    },
    "7": {
        "precision": 0.9210526315789473,
        "recall": 0.9130434782608695,
        "f1-score": 0.9170305676855894,
        "support": 115
    },
    "8": {
        "precision": 0.8389261744966443,
        "recall": 0.9541984732824428,
        "f1-score": 0.8928571428571429,
        "support": 131
    },
    "9": {
        "precision": 0.9027777777777778,
        "recall": 0.948905109489051,
        "f1-score": 0.9252669039145908,
        "support": 137
    },
    "10": {
        "precision": 0.7352941176470589,
        "recall": 0.9541984732824428,
        "f1-score": 0.8305647840531561,
        "support": 131
    },
    "11": {
        "precision": 0.8951048951048951,
        "recall": 0.9078014184397163,
        "f1-score": 0.9014084507042254,
        "support": 141
    },
    "12": {
        "precision": 0.8623188405797102,
        "recall": 0.9754098360655737,
        "f1-score": 0.9153846153846154,
        "support": 122
    },
    "13": {
        "precision": 0.8675496688741722,
        "recall": 0.9357142857142857,
        "f1-score": 0.9003436426116839,
        "support": 140
    },
    "14": {
        "precision": 0.8226950354609929,
        "recall": 0.9133858267716536,
        "f1-score": 0.8656716417910448,
        "support": 127
    },
    "15": {
        "precision": 0.9304347826086956,
        "recall": 0.7753623188405797,
        "f1-score": 0.8458498023715416,
        "support": 138
    },
    "16": {
        "precision": 0.9145299145299145,
        "recall": 0.816793893129771,
        "f1-score": 0.8629032258064516,
        "support": 131
    },
    "17": {
        "precision": 0.9263157894736842,
        "recall": 0.6821705426356589,
        "f1-score": 0.7857142857142856,
        "support": 129
    },
    "18": {
        "precision": 0.9694656488549618,
        "recall": 0.9338235294117647,
        "f1-score": 0.951310861423221,
        "support": 136
    },
    "19": {
        "precision": 0.875,
        "recall": 0.7954545454545454,
        "f1-score": 0.8333333333333334,
        "support": 132
    },
    "20": {
        "precision": 0.9514563106796117,
        "recall": 0.8032786885245902,
        "f1-score": 0.8711111111111112,
        "support": 122
    },
    "21": {
        "precision": 0.7841726618705036,
        "recall": 0.8384615384615385,
        "f1-score": 0.8104089219330854,
        "support": 130
    },
    "22": {
        "precision": 0.875,
        "recall": 0.9051724137931034,
        "f1-score": 0.8898305084745763,
        "support": 116
    },
    "23": {
        "precision": 0.9553571428571429,
        "recall": 0.8629032258064516,
        "f1-score": 0.9067796610169493,
        "support": 124
    },
    "24": {
        "precision": 0.9224137931034483,
        "recall": 0.8699186991869918,
        "f1-score": 0.8953974895397491,
        "support": 123
    },
    "25": {
        "precision": 0.7972972972972973,
        "recall": 0.9007633587786259,
        "f1-score": 0.8458781362007167,
        "support": 131
    },
    "26": {
        "precision": 0.9732142857142857,
        "recall": 0.8195488721804511,
        "f1-score": 0.889795918367347,
        "support": 133
    },
    "27": {
        "precision": 0.959349593495935,
        "recall": 0.9516129032258065,
        "f1-score": 0.9554655870445343,
        "support": 124
    },
    "28": {
        "precision": 0.9,
        "recall": 0.6639344262295082,
        "f1-score": 0.7641509433962264,
        "support": 122
    },
    "29": {
        "precision": 0.853448275862069,
        "recall": 0.9,
        "f1-score": 0.8761061946902655,
        "support": 110
    },
    "30": {
        "precision": 0.8898305084745762,
        "recall": 0.8823529411764706,
        "f1-score": 0.8860759493670887,
        "support": 119
    },
    "31": {
        "precision": 0.9459459459459459,
        "recall": 0.9210526315789473,
        "f1-score": 0.9333333333333332,
        "support": 114
    },
    "32": {
        "precision": 0.8768115942028986,
        "recall": 0.9453125,
        "f1-score": 0.9097744360902256,
        "support": 128
    },
    "33": {
        "precision": 0.824,
        "recall": 0.865546218487395,
        "f1-score": 0.8442622950819673,
        "support": 119
    },
    "34": {
        "precision": 0.8110236220472441,
        "recall": 0.8803418803418803,
        "f1-score": 0.8442622950819673,
        "support": 117
    },
    "35": {
        "precision": 0.937007874015748,
        "recall": 0.967479674796748,
        "f1-score": 0.9520000000000001,
        "support": 123
    },
    "36": {
        "precision": 0.888,
        "recall": 0.8538461538461538,
        "f1-score": 0.8705882352941177,
        "support": 130
    },
    "37": {
        "precision": 0.8733333333333333,
        "recall": 0.9225352112676056,
        "f1-score": 0.8972602739726027,
        "support": 142
    },
    "38": {
        "precision": 0.8888888888888888,
        "recall": 0.927536231884058,
        "f1-score": 0.9078014184397163,
        "support": 138
    },
    "39": {
        "precision": 0.8656716417910447,
        "recall": 0.8992248062015504,
        "f1-score": 0.8821292775665398,
        "support": 129
    },
    "40": {
        "precision": 0.8857142857142857,
        "recall": 0.9465648854961832,
        "f1-score": 0.915129151291513,
        "support": 131
    },
    "41": {
        "precision": 0.9230769230769231,
        "recall": 0.7883211678832117,
        "f1-score": 0.8503937007874016,
        "support": 137
    },
    "42": {
        "precision": 0.9158878504672897,
        "recall": 0.8521739130434782,
        "f1-score": 0.8828828828828829,
        "support": 115
    },
    "43": {
        "precision": 0.9745762711864406,
        "recall": 0.8394160583941606,
        "f1-score": 0.9019607843137254,
        "support": 137
    },
    "44": {
        "precision": 0.8740157480314961,
        "recall": 0.9327731092436975,
        "f1-score": 0.9024390243902439,
        "support": 119
    },
    "45": {
        "precision": 0.936,
        "recall": 0.8796992481203008,
        "f1-score": 0.9069767441860466,
        "support": 133
    },
    "46": {
        "precision": 0.875,
        "recall": 0.8296296296296296,
        "f1-score": 0.8517110266159695,
        "support": 135
    },
    "47": {
        "precision": 0.9915254237288136,
        "recall": 0.9512195121951219,
        "f1-score": 0.970954356846473,
        "support": 123
    },
    "48": {
        "precision": 0.8778625954198473,
        "recall": 0.8984375,
        "f1-score": 0.888030888030888,
        "support": 128
    },
    "49": {
        "precision": 1.0,
        "recall": 0.9849624060150376,
        "f1-score": 0.9924242424242424,
        "support": 133
    },
    "50": {
        "precision": 0.8285714285714286,
        "recall": 0.928,
        "f1-score": 0.8754716981132076,
        "support": 125
    },