{
    "0": {
        "precision": 0.9545454545454546,
        "recall": 0.9402985074626866,
        "f1-score": 0.9473684210526316,
        "support": 134
    },
    "1": {
        "precision": 0.934640522875817,
        "recall": 0.9862068965517241,
        "f1-score": 0.959731543624161,
        "support": 145
    },
    "2": {
        "precision": 0.9774436090225563,
        "recall": 1.0,
        "f1-score": 0.988593155893536,
        "support": 130
    },
    "3": {
        "precision": 0.9763779527559056,
        "recall": 1.0,
        "f1-score": 0.9880478087649402,
        "support": 124
    },
    "4": {
        "precision": 0.984251968503937,
        "recall": 1.0,
        "f1-score": 0.9920634920634921,
        "support": 125
    },
    "5": {
        "precision": 1.0,
        "recall": 0.9652777777777778,
        "f1-score": 0.9823321554770319,
        "support": 144
    },
    "6": {
        "precision": 0.9552238805970149,
        "recall": 1.0,
        "f1-score": 0.9770992366412213,
        "support": 128
    },
    "7": {
        "precision": 0.9333333333333333,
        "recall": 0.9739130434782609,
        "f1-score": 0.9531914893617022,
        "support": 115
    },
    "8": {
        "precision": 0.9624060150375939,
        "recall": 0.9770992366412213,
        "f1-score": 0.9696969696969696,
        "support": 131
    },
    "9": {
        "precision": 0.9782608695652174,
        "recall": 0.9854014598540146,
        "f1-score": 0.9818181818181817,
        "support": 137
    },
    "10": {
        "precision": 0.9626865671641791,
        "recall": 0.9847328244274809,
        "f1-score": 0.9735849056603774,
        "support": 131
    },
    "11": {
        "precision": 1.0,
        "recall": 0.9148936170212766,
        "f1-score": 0.9555555555555556,
        "support": 141
    },
    "12": {
        "precision": 0.976,
        "recall": 1.0,
        "f1-score": 0.9878542510121457,
        "support": 122
    },
    "13": {
        "precision": 0.972027972027972,
        "recall": 0.9928571428571429,
        "f1-score": 0.9823321554770317,
        "support": 140
    },
    "14": {
        "precision": 0.9682539682539683,
        "recall": 0.9606299212598425,
        "f1-score": 0.9644268774703557,
        "support": 127
    },
    "15": {
        "precision": 0.9767441860465116,
        "recall": 0.9130434782608695,
        "f1-score": 0.9438202247191011,
        "support": 138
    },
    "16": {
        "precision": 0.9923076923076923,
        "recall": 0.9847328244274809,
        "f1-score": 0.9885057471264368,
        "support": 131
    },
    "17": {
        "precision": 0.990909090909091,
        "recall": 0.8449612403100775,
        "f1-score": 0.9121338912133891,
        "support": 129
    },
    "18": {
        "precision": 0.9781021897810219,
        "recall": 0.9852941176470589,
        "f1-score": 0.9816849816849818,
        "support": 136
    },
    "19": {
        "precision": 0.9769230769230769,
        "recall": 0.9621212121212122,
        "f1-score": 0.9694656488549619,
        "support": 132
    },
    "20": {
        "precision": 0.9833333333333333,
        "recall": 0.9672131147540983,
        "f1-score": 0.9752066115702478,
        "support": 122
    },
    "21": {
        "precision": 0.9921259842519685,
        "recall": 0.9692307692307692,
        "f1-score": 0.980544747081712,
        "support": 130
    },
    "22": {
        "precision": 0.9914529914529915,
        "recall": 1.0,
        "f1-score": 0.9957081545064378,
        "support": 116
    },
    "23": {
        "precision": 0.9918032786885246,
        "recall": 0.9758064516129032,
        "f1-score": 0.983739837398374,
        "support": 124
    },
    "24": {
        "precision": 1.0,
        "recall": 0.975609756097561,
        "f1-score": 0.9876543209876543,
        "support": 123
    },
    "25": {
        "precision": 0.9485294117647058,
        "recall": 0.9847328244274809,
        "f1-score": 0.9662921348314607,
        "support": 131
    },
    "26": {
        "precision": 0.9921875,
        "recall": 0.9548872180451128,
        "f1-score": 0.9731800766283524,
        "support": 133
    },
    "27": {
        "precision": 0.9919354838709677,
        "recall": 0.9919354838709677,
        "f1-score": 0.9919354838709677,
        "support": 124
    },
    "28": {
        "precision": 1.0,
        "recall": 0.9262295081967213,
        "f1-score": 0.9617021276595745,
        "support": 122
    },
    "29": {
        "precision": 0.9908256880733946,
        "recall": 0.9818181818181818,
        "f1-score": 0.9863013698630138,
        "support": 110
    },
    "30": {
        "precision": 1.0,
        "recall": 0.9831932773109243,
        "f1-score": 0.9915254237288135,
        "support": 119
    },
    "31": {
        "precision": 0.9910714285714286,
        "recall": 0.9736842105263158,
        "f1-score": 0.9823008849557523,
        "support": 114
    },
    "32": {
        "precision": 0.9621212121212122,
        "recall": 0.9921875,
        "f1-score": 0.9769230769230769,
        "support": 128
    },
    "33": {
        "precision": 0.9663865546218487,
        "recall": 0.9663865546218487,
        "f1-score": 0.9663865546218487,
        "support": 119
    },
    "34": {
        "precision": 0.9586776859504132,
        "recall": 0.9914529914529915,
        "f1-score": 0.9747899159663866,
        "support": 117
    },
    "35": {
        "precision": 0.9918032786885246,
        "recall": 0.983739837398374,
        "f1-score": 0.9877551020408164,
        "support": 123
    },
    "36": {
        "precision": 0.9923076923076923,
        "recall": 0.9923076923076923,
        "f1-score": 0.9923076923076923,
        "support": 130
    },
    "37": {
        "precision": 0.9929577464788732,
        "recall": 0.9929577464788732,
        "f1-score": 0.9929577464788732,
        "support": 142
    },
    "38": {
        "precision": 1.0,
        "recall": 0.9565217391304348,
        "f1-score": 0.9777777777777777,
        "support": 138
    },
    "39": {
        "precision": 0.984375,
        "recall": 0.9767441860465116,
        "f1-score": 0.980544747081712,
        "support": 129
    },
    "40": {
        "precision": 0.9922480620155039,
        "recall": 0.9770992366412213,
        "f1-score": 0.9846153846153846,
        "support": 131
    },
    "41": {
        "precision": 0.9854014598540146,
        "recall": 0.9854014598540146,
        "f1-score": 0.9854014598540146,
        "support": 137
    },
    "42": {
        "precision": 0.9743589743589743,
        "recall": 0.991304347826087,
        "f1-score": 0.9827586206896551,
        "support": 115
    },
    "43": {
        "precision": 0.9785714285714285,
        "recall": 1.0,
        "f1-score": 0.9891696750902527,
        "support": 137
    },
    "44": {
        "precision": 0.9754098360655737,
        "recall": 1.0,
        "f1-score": 0.9875518672199171,
        "support": 119
    },
    "45": {
        "precision": 1.0,
        "recall": 0.9849624060150376,
        "f1-score": 0.9924242424242424,
        "support": 133
    },
    "46": {
        "precision": 1.0,
        "recall": 0.9407407407407408,
        "f1-score": 0.9694656488549619,
        "support": 135
    },
    "47": {
        "precision": 1.0,
        "recall": 0.991869918699187,
        "f1-score": 0.9959183673469388,
        "support": 123
    },
    "48": {
        "precision": 0.9846153846153847,
        "recall": 1.0,
        "f1-score": 0.9922480620155039,
        "support": 128
    },
    "49": {
        "precision": 1.0,
        "recall": 1.0,
        "f1-score": 1.0,
        "support": 133
    },
    "50": {
        "precision": 0.9761904761904762,
        "recall": 0.984,
        "f1-score": 0.9800796812749003,
        "support": 125
    },
    "51": {
        "precision": 1.0,
        "recall": 1.0,
        "f1-score": 1.0,
        "support": 140
    },
    "52": {
        "precision": 0.9922480620155039,