{
    "0": {
        "precision": 0.9901960784313726,
        "recall": 0.9742765273311897,
        "f1-score": 0.9821717990275528,
        "support": 311
    },
    "1": {
        "precision": 0.9325396825396826,
        "recall": 1.0,
        "f1-score": 0.9650924024640657,
        "support": 235
    },
    "2": {
        "precision": 0.9933333333333333,
        "recall": 0.9933333333333333,
        "f1-score": 0.9933333333333333,
        "support": 300
    },
    "3": {
        "precision": 0.9910714285714286,
        "recall": 0.9327731092436975,
        "f1-score": 0.961038961038961,
        "support": 238
    },
    "4": {
        "precision": 1.0,
        "recall": 0.9935691318327974,
        "f1-score": 0.996774193548387,
        "support": 311
    },
    "5": {
        "precision": 0.9933993399339934,
        "recall": 0.9836601307189542,
        "f1-score": 0.9885057471264367,
        "support": 306
    },
    "6": {
        "precision": 0.9789915966386554,
        "recall": 1.0,
        "f1-score": 0.989384288747346,
        "support": 233
    },
    "7": {
        "precision": 0.9770491803278688,
        "recall": 0.9933333333333333,
        "f1-score": 0.9851239669421487,
        "support": 300
    },
    "8": {
        "precision": 0.9624060150375939,
        "recall": 1.0,
        "f1-score": 0.9808429118773946,
        "support": 256
    },
    "9": {
        "precision": 0.9678456591639871,
        "recall": 0.9772727272727273,
        "f1-score": 0.9725363489499192,
        "support": 308
    },
    "10": {
        "precision": 0.9851851851851852,
        "recall": 0.981549815498155,
        "f1-score": 0.9833641404805915,
        "support": 271
    },
    "11": {
        "precision": 0.9852941176470589,
        "recall": 0.9962825278810409,
        "f1-score": 0.9907578558225507,
        "support": 269
    },
    "12": {
        "precision": 0.9897959183673469,
        "recall": 1.0,
        "f1-score": 0.9948717948717948,
        "support": 194
    },
    "13": {
        "precision": 0.9877551020408163,
        "recall": 0.9958847736625515,
        "f1-score": 0.9918032786885246,
        "support": 243
    },
    "14": {
        "precision": 0.9041666666666667,
        "recall": 0.9774774774774775,
        "f1-score": 0.9393939393939393,
        "support": 222
    },
    "15": {
        "precision": 0.9895833333333334,
        "recall": 0.9076433121019108,
        "f1-score": 0.9468438538205981,
        "support": 314
    },
    "16": {
        "precision": 0.9897959183673469,
        "recall": 0.9931740614334471,
        "f1-score": 0.9914821124361158,
        "support": 293
    },
    "17": {
        "precision": 0.9814814814814815,
        "recall": 0.9968652037617555,
        "f1-score": 0.9891135303265941,
        "support": 319
    },
    "18": {
        "precision": 1.0,
        "recall": 1.0,
        "f1-score": 1.0,
        "support": 309
    },
    "19": {
        "precision": 0.9634551495016611,
        "recall": 0.9931506849315068,
        "f1-score": 0.9780775716694772,
        "support": 292
    },
    "20": {
        "precision": 0.9963636363636363,
        "recall": 0.9513888888888888,
        "f1-score": 0.9733570159857904,
        "support": 288
    },
    "21": {
        "precision": 0.948051948051948,
        "recall": 0.9573770491803278,
        "f1-score": 0.9526916802610113,
        "support": 305
    },
    "22": {
        "precision": 0.996551724137931,
        "recall": 0.996551724137931,
        "f1-score": 0.996551724137931,
        "support": 290
    },
    "23": {
        "precision": 0.9966555183946488,
        "recall": 0.9933333333333333,
        "f1-score": 0.9949916527545909,
        "support": 300
    },
    "24": {
        "precision": 0.9965635738831615,
        "recall": 0.9897610921501706,
        "f1-score": 0.9931506849315068,
        "support": 293
    },
    "25": {
        "precision": 0.979381443298969,
        "recall": 0.9895833333333334,
        "f1-score": 0.9844559585492227,
        "support": 288
    },
    "26": {
        "precision": 0.9967532467532467,
        "recall": 0.9746031746031746,
        "f1-score": 0.985553772070626,
        "support": 315
    },
    "27": {
        "precision": 1.0,
        "recall": 1.0,
        "f1-score": 1.0,
        "support": 319
    },
    "28": {
        "precision": 0.9712460063897763,
        "recall": 0.9806451612903225,
        "f1-score": 0.9759229534510432,
        "support": 310
    },
    "29": {
        "precision": 0.9519230769230769,
        "recall": 0.9966442953020134,
        "f1-score": 0.9737704918032786,
        "support": 298
    },
    "30": {
        "precision": 1.0,
        "recall": 0.9966216216216216,
        "f1-score": 0.9983079526226735,
        "support": 296
    },
    "31": {
        "precision": 1.0,
        "recall": 0.9966329966329966,
        "f1-score": 0.9983136593591906,
        "support": 297
    },
    "32": {
        "precision": 0.996742671009772,
        "recall": 0.9935064935064936,
        "f1-score": 0.9951219512195122,
        "support": 308
    },
    "33": {
        "precision": 0.9581993569131833,
        "recall": 0.9867549668874173,
        "f1-score": 0.9722675367047308,
        "support": 302
    },
    "34": {
        "precision": 1.0,
        "recall": 0.929368029739777,
        "f1-score": 0.9633911368015413,
        "support": 269
    },
    "35": {
        "precision": 1.0,
        "recall": 1.0,
        "f1-score": 1.0,
        "support": 299
    },
    "36": {
        "precision": 1.0,
        "recall": 0.9964664310954063,
        "f1-score": 0.9982300884955753,
        "support": 283
    },
    "37": {
        "precision": 0.9901315789473685,
        "recall": 1.0,
        "f1-score": 0.9950413223140495,
        "support": 301
    },
    "38": {
        "precision": 0.9897260273972602,
        "recall": 1.0,
        "f1-score": 0.9948364888123925,
        "support": 289
    },
    "39": {
        "precision": 0.9933110367892977,
        "recall": 0.9933110367892977,
        "f1-score": 0.9933110367892977,
        "support": 299
    },
    "40": {
        "precision": 1.0,
        "recall": 1.0,
        "f1-score": 1.0,
        "support": 279
    },
    "41": {
        "precision": 0.9966101694915255,
        "recall": 0.98,
        "f1-score": 0.9882352941176471,
        "support": 300
    },
    "42": {
        "precision": 1.0,
        "recall": 0.9905956112852664,
        "f1-score": 0.9952755905511811,
        "support": 319
    },
    "43": {
        "precision": 1.0,
        "recall": 1.0,
        "f1-score": 1.0,
        "support": 304
    },
    "44": {
        "precision": 0.9963503649635036,
        "recall": 1.0,
        "f1-score": 0.9981718464351006,
        "support": 273
    },
    "45": {
        "precision": 0.9968944099378882,
        "recall": 0.9756838905775076,
        "f1-score": 0.9861751152073733,
        "support": 329
    },
    "46": {
        "precision": 0.9828767123287672,
        "recall": 0.9862542955326461,
        "f1-score": 0.9845626072041167,
        "support": 291
    },
    "47": {
        "precision": 0.9934640522875817,
        "recall": 1.0,
        "f1-score": 0.9967213114754099,
        "support": 304
    },
    "48": {
        "precision": 0.996742671009772,
        "recall": 0.996742671009772,
        "f1-score": 0.996742671009772,
        "support": 307
    },
    "49": {
        "precision": 0.992831541218638,
        "recall": 0.9964028776978417,
        "f1-score": 0.9946140035906642,
        "support": 278
    },
    "50": {
        "precision": 0.9932659932659933,
        "recall": 0.9899328859060402,
        "f1-score": 0.9915966386554622,
        "support": 298
    },
    "51": {
        "precision": 0.9902597402597403,
        "recall": 1.0,
        "f1-score": 0.9951060358890702,
        "support": 305
    },
    "52": {
        "precision": 0.9870550161812298,
        "recall": 1.0,
        "f1-score": 0.993485342019544,