{
    "0": {
        "precision": 0.6083916083916084,
        "recall": 0.6492537313432836,
        "f1-score": 0.6281588447653431,
        "support": 134
    },
    "1": {
        "precision": 0.7183908045977011,
        "recall": 0.8620689655172413,
        "f1-score": 0.7836990595611285,
        "support": 145
    },
    "2": {
        "precision": 0.9722222222222222,
        "recall": 0.8076923076923077,
        "f1-score": 0.8823529411764707,
        "support": 130
    },
    "3": {
        "precision": 0.8076923076923077,
        "recall": 0.8467741935483871,
        "f1-score": 0.8267716535433071,
        "support": 124
    },
    "4": {
        "precision": 0.7903225806451613,
        "recall": 0.784,
        "f1-score": 0.7871485943775101,
        "support": 125
    },
    "5": {
        "precision": 0.7702702702702703,
        "recall": 0.7916666666666666,
        "f1-score": 0.7808219178082192,
        "support": 144
    },
    "6": {
        "precision": 0.7203389830508474,
        "recall": 0.6640625,
        "f1-score": 0.6910569105691058,
        "support": 128
    },
    "7": {
        "precision": 0.8181818181818182,
        "recall": 0.8608695652173913,
        "f1-score": 0.8389830508474576,
        "support": 115
    },
    "8": {
        "precision": 0.5955882352941176,
        "recall": 0.6183206106870229,
        "f1-score": 0.6067415730337078,
        "support": 131
    },
    "9": {
        "precision": 0.7687074829931972,
        "recall": 0.8248175182481752,
        "f1-score": 0.7957746478873239,
        "support": 137
    },
    "10": {
        "precision": 0.5,
        "recall": 0.46564885496183206,
        "f1-score": 0.48221343873517786,
        "support": 131
    },
    "11": {
        "precision": 0.7635135135135135,
        "recall": 0.8014184397163121,
        "f1-score": 0.7820069204152249,
        "support": 141
    },
    "12": {
        "precision": 0.8467741935483871,
        "recall": 0.860655737704918,
        "f1-score": 0.853658536585366,
        "support": 122
    },
    "13": {
        "precision": 0.8188405797101449,
        "recall": 0.8071428571428572,
        "f1-score": 0.8129496402877698,
        "support": 140
    },
    "14": {
        "precision": 0.7889908256880734,
        "recall": 0.6771653543307087,
        "f1-score": 0.7288135593220338,
        "support": 127
    },
    "15": {
        "precision": 0.6408450704225352,
        "recall": 0.6594202898550725,
        "f1-score": 0.65,
        "support": 138
    },
    "16": {
        "precision": 0.488,
        "recall": 0.46564885496183206,
        "f1-score": 0.4765625,
        "support": 131
    },
    "17": {
        "precision": 0.4411764705882353,
        "recall": 0.46511627906976744,
        "f1-score": 0.4528301886792453,
        "support": 129
    },
    "18": {
        "precision": 0.7266187050359713,
        "recall": 0.7426470588235294,
        "f1-score": 0.7345454545454547,
        "support": 136
    },
    "19": {
        "precision": 0.5503875968992248,
        "recall": 0.5378787878787878,
        "f1-score": 0.5440613026819924,
        "support": 132
    },
    "20": {
        "precision": 0.7876106194690266,
        "recall": 0.7295081967213115,
        "f1-score": 0.7574468085106384,
        "support": 122
    },
    "21": {
        "precision": 0.572463768115942,
        "recall": 0.6076923076923076,
        "f1-score": 0.5895522388059702,
        "support": 130
    },
    "22": {
        "precision": 0.8440366972477065,
        "recall": 0.7931034482758621,
        "f1-score": 0.8177777777777778,
        "support": 116
    },
    "23": {
        "precision": 0.656934306569343,
        "recall": 0.7258064516129032,
        "f1-score": 0.689655172413793,
        "support": 124
    },
    "24": {
        "precision": 0.664,
        "recall": 0.6747967479674797,
        "f1-score": 0.6693548387096774,
        "support": 123
    },
    "25": {
        "precision": 0.6440677966101694,
        "recall": 0.5801526717557252,
        "f1-score": 0.6104417670682731,
        "support": 131
    },
    "26": {
        "precision": 0.7127659574468085,
        "recall": 0.5037593984962406,
        "f1-score": 0.5903083700440528,
        "support": 133
    },
    "27": {
        "precision": 0.6846153846153846,
        "recall": 0.717741935483871,
        "f1-score": 0.7007874015748031,
        "support": 124
    },
    "28": {
        "precision": 0.5,
        "recall": 0.38524590163934425,
        "f1-score": 0.4351851851851852,
        "support": 122
    },
    "29": {
        "precision": 0.6741573033707865,
        "recall": 0.5454545454545454,
        "f1-score": 0.6030150753768845,
        "support": 110
    },
    "30": {
        "precision": 0.6967213114754098,
        "recall": 0.7142857142857143,
        "f1-score": 0.7053941908713693,
        "support": 119
    },
    "31": {
        "precision": 0.7565217391304347,
        "recall": 0.7631578947368421,
        "f1-score": 0.7598253275109169,
        "support": 114
    },
    "32": {
        "precision": 0.7578125,
        "recall": 0.7578125,
        "f1-score": 0.7578125,
        "support": 128
    },
    "33": {
        "precision": 0.7596899224806202,
        "recall": 0.8235294117647058,
        "f1-score": 0.7903225806451613,
        "support": 119
    },
    "34": {
        "precision": 0.7346938775510204,
        "recall": 0.6153846153846154,
        "f1-score": 0.6697674418604652,
        "support": 117
    },
    "35": {
        "precision": 0.7737226277372263,
        "recall": 0.8617886178861789,
        "f1-score": 0.8153846153846154,
        "support": 123
    },
    "36": {
        "precision": 0.6503496503496503,
        "recall": 0.7153846153846154,
        "f1-score": 0.6813186813186813,
        "support": 130
    },
    "37": {
        "precision": 0.6891891891891891,
        "recall": 0.7183098591549296,
        "f1-score": 0.7034482758620689,
        "support": 142
    },
    "38": {
        "precision": 0.5973154362416108,
        "recall": 0.644927536231884,
        "f1-score": 0.6202090592334495,
        "support": 138
    },
    "39": {
        "precision": 0.6546762589928058,
        "recall": 0.7054263565891473,
        "f1-score": 0.6791044776119404,
        "support": 129
    },
    "40": {
        "precision": 0.6405228758169934,
        "recall": 0.7480916030534351,
        "f1-score": 0.6901408450704225,
        "support": 131
    },
    "41": {
        "precision": 0.6376811594202898,
        "recall": 0.6423357664233577,
        "f1-score": 0.64,
        "support": 137
    },
    "42": {
        "precision": 0.5426356589147286,
        "recall": 0.6086956521739131,
        "f1-score": 0.5737704918032785,
        "support": 115
    },
    "43": {
        "precision": 0.8469387755102041,
        "recall": 0.6058394160583942,
        "f1-score": 0.7063829787234043,
        "support": 137
    },
    "44": {
        "precision": 0.5887096774193549,
        "recall": 0.6134453781512605,
        "f1-score": 0.6008230452674898,
        "support": 119
    },
    "45": {
        "precision": 0.6984126984126984,
        "recall": 0.6616541353383458,
        "f1-score": 0.6795366795366795,
        "support": 133
    },
    "46": {
        "precision": 0.723404255319149,
        "recall": 0.5037037037037037,
        "f1-score": 0.593886462882096,
        "support": 135
    },
    "47": {
        "precision": 0.7909090909090909,
        "recall": 0.7073170731707317,
        "f1-score": 0.7467811158798283,
        "support": 123
    },
    "48": {
        "precision": 0.5522388059701493,
        "recall": 0.578125,
        "f1-score": 0.564885496183206,
        "support": 128
    },
    "49": {
        "precision": 0.6492537313432836,
        "recall": 0.6541353383458647,
        "f1-score": 0.6516853932584269,
        "support": 133
    },
    "50": {
        "precision": 0.47580645161290325,
        "recall": 0.472,