{
    "0": {
        "precision": 0.5972222222222222,
        "recall": 0.6417910447761194,
        "f1-score": 0.618705035971223,
        "support": 134
    },
    "1": {
        "precision": 0.7183908045977011,
        "recall": 0.8620689655172413,
        "f1-score": 0.7836990595611285,
        "support": 145
    },
    "2": {
        "precision": 0.944954128440367,
        "recall": 0.7923076923076923,
        "f1-score": 0.8619246861924686,
        "support": 130
    },
    "3": {
        "precision": 0.7835820895522388,
        "recall": 0.8467741935483871,
        "f1-score": 0.813953488372093,
        "support": 124
    },
    "4": {
        "precision": 0.8083333333333333,
        "recall": 0.776,
        "f1-score": 0.7918367346938776,
        "support": 125
    },
    "5": {
        "precision": 0.7687074829931972,
        "recall": 0.7847222222222222,
        "f1-score": 0.7766323024054983,
        "support": 144
    },
    "6": {
        "precision": 0.7142857142857143,
        "recall": 0.6640625,
        "f1-score": 0.6882591093117408,
        "support": 128
    },
    "7": {
        "precision": 0.8818181818181818,
        "recall": 0.8434782608695652,
        "f1-score": 0.8622222222222222,
        "support": 115
    },
    "8": {
        "precision": 0.5877862595419847,
        "recall": 0.5877862595419847,
        "f1-score": 0.5877862595419847,
        "support": 131
    },
    "9": {
        "precision": 0.7847222222222222,
        "recall": 0.8248175182481752,
        "f1-score": 0.804270462633452,
        "support": 137
    },
    "10": {
        "precision": 0.5041322314049587,
        "recall": 0.46564885496183206,
        "f1-score": 0.48412698412698413,
        "support": 131
    },
    "11": {
        "precision": 0.7467532467532467,
        "recall": 0.8156028368794326,
        "f1-score": 0.7796610169491525,
        "support": 141
    },
    "12": {
        "precision": 0.8429752066115702,
        "recall": 0.8360655737704918,
        "f1-score": 0.8395061728395061,
        "support": 122
    },
    "13": {
        "precision": 0.8071428571428572,
        "recall": 0.8071428571428572,
        "f1-score": 0.8071428571428572,
        "support": 140
    },
    "14": {
        "precision": 0.7889908256880734,
        "recall": 0.6771653543307087,
        "f1-score": 0.7288135593220338,
        "support": 127
    },
    "15": {
        "precision": 0.6338028169014085,
        "recall": 0.6521739130434783,
        "f1-score": 0.6428571428571428,
        "support": 138
    },
    "16": {
        "precision": 0.48412698412698413,
        "recall": 0.46564885496183206,
        "f1-score": 0.47470817120622566,
        "support": 131
    },
    "17": {
        "precision": 0.4411764705882353,
        "recall": 0.46511627906976744,
        "f1-score": 0.4528301886792453,
        "support": 129
    },
    "18": {
        "precision": 0.7375886524822695,
        "recall": 0.7647058823529411,
        "f1-score": 0.7509025270758123,
        "support": 136
    },
    "19": {
        "precision": 0.5298507462686567,
        "recall": 0.5378787878787878,
        "f1-score": 0.5338345864661654,
        "support": 132
    },
    "20": {
        "precision": 0.7876106194690266,
        "recall": 0.7295081967213115,
        "f1-score": 0.7574468085106384,
        "support": 122
    },
    "21": {
        "precision": 0.5683453237410072,
        "recall": 0.6076923076923076,
        "f1-score": 0.587360594795539,
        "support": 130
    },
    "22": {
        "precision": 0.8440366972477065,
        "recall": 0.7931034482758621,
        "f1-score": 0.8177777777777778,
        "support": 116
    },
    "23": {
        "precision": 0.6842105263157895,
        "recall": 0.7338709677419355,
        "f1-score": 0.708171206225681,
        "support": 124
    },
    "24": {
        "precision": 0.664,
        "recall": 0.6747967479674797,
        "f1-score": 0.6693548387096774,
        "support": 123
    },
    "25": {
        "precision": 0.6386554621848739,
        "recall": 0.5801526717557252,
        "f1-score": 0.608,
        "support": 131
    },
    "26": {
        "precision": 0.7052631578947368,
        "recall": 0.5037593984962406,
        "f1-score": 0.5877192982456141,
        "support": 133
    },
    "27": {
        "precision": 0.704,
        "recall": 0.7096774193548387,
        "f1-score": 0.7068273092369478,
        "support": 124
    },
    "28": {
        "precision": 0.5217391304347826,
        "recall": 0.39344262295081966,
        "f1-score": 0.4485981308411215,
        "support": 122
    },
    "29": {
        "precision": 0.6888888888888889,
        "recall": 0.5636363636363636,
        "f1-score": 0.6199999999999999,
        "support": 110
    },
    "30": {
        "precision": 0.7016129032258065,
        "recall": 0.7310924369747899,
        "f1-score": 0.7160493827160493,
        "support": 119
    },
    "31": {
        "precision": 0.7478991596638656,
        "recall": 0.7807017543859649,
        "f1-score": 0.7639484978540773,
        "support": 114
    },
    "32": {
        "precision": 0.7404580152671756,
        "recall": 0.7578125,
        "f1-score": 0.749034749034749,
        "support": 128
    },
    "33": {
        "precision": 0.7538461538461538,
        "recall": 0.8235294117647058,
        "f1-score": 0.78714859437751,
        "support": 119
    },
    "34": {
        "precision": 0.7272727272727273,
        "recall": 0.6153846153846154,
        "f1-score": 0.6666666666666667,
        "support": 117
    },
    "35": {
        "precision": 0.7647058823529411,
        "recall": 0.8455284552845529,
        "f1-score": 0.803088803088803,
        "support": 123
    },
    "36": {
        "precision": 0.6458333333333334,
        "recall": 0.7153846153846154,
        "f1-score": 0.6788321167883212,
        "support": 130
    },
    "37": {
        "precision": 0.68,
        "recall": 0.7183098591549296,
        "f1-score": 0.6986301369863014,
        "support": 142
    },
    "38": {
        "precision": 0.5960264900662252,
        "recall": 0.6521739130434783,
        "f1-score": 0.6228373702422144,
        "support": 138
    },
    "39": {
        "precision": 0.65,
        "recall": 0.7054263565891473,
        "f1-score": 0.6765799256505577,
        "support": 129
    },
    "40": {
        "precision": 0.6490066225165563,
        "recall": 0.7480916030534351,
        "f1-score": 0.6950354609929078,
        "support": 131
    },
    "41": {
        "precision": 0.6277372262773723,
        "recall": 0.6277372262773723,
        "f1-score": 0.6277372262773723,
        "support": 137
    },
    "42": {
        "precision": 0.5298507462686567,
        "recall": 0.6173913043478261,
        "f1-score": 0.5702811244979918,
        "support": 115
    },
    "43": {
        "precision": 0.84,
        "recall": 0.6131386861313869,
        "f1-score": 0.7088607594936709,
        "support": 137
    },
    "44": {
        "precision": 0.584,
        "recall": 0.6134453781512605,
        "f1-score": 0.5983606557377049,
        "support": 119
    },
    "45": {
        "precision": 0.704,
        "recall": 0.6616541353383458,
        "f1-score": 0.6821705426356589,
        "support": 133
    },
    "46": {
        "precision": 0.7263157894736842,
        "recall": 0.5111111111111111,
        "f1-score": 0.6,
        "support": 135
    },
    "47": {
        "precision": 0.7909090909090909,
        "recall": 0.7073170731707317,
        "f1-score": 0.7467811158798283,
        "support": 123
    },
    "48": {
        "precision": 0.5639097744360902,
        "recall": 0.5859375,
        "f1-score": 0.574712643678161,
        "support": 128
    },
    "49": {
        "precision": 0.6423357664233577,
        "recall": 0.6616541353383458,
        "f1-score": 0.6518518518518518,
        "support": 133
    },
    "50": {
        "precision": 0.47540983606557374,
        "recall": 0.464,
        "f1-score": 0.46963562753036436,