{
    "0": {
        "precision": 0.9930795847750865,
        "recall": 0.9228295819935691,
        "f1-score": 0.9566666666666667,
        "support": 311
    },
    "1": {
        "precision": 0.94,
        "recall": 1.0,
        "f1-score": 0.9690721649484536,
        "support": 235
    },
    "2": {
        "precision": 0.9966555183946488,
        "recall": 0.9933333333333333,
        "f1-score": 0.9949916527545909,
        "support": 300
    },
    "3": {
        "precision": 0.9793388429752066,
        "recall": 0.9957983193277311,
        "f1-score": 0.9875,
        "support": 238
    },
    "4": {
        "precision": 1.0,
        "recall": 0.9903536977491961,
        "f1-score": 0.9951534733441034,
        "support": 311
    },
    "5": {
        "precision": 0.9933774834437086,
        "recall": 0.9803921568627451,
        "f1-score": 0.9868421052631579,
        "support": 306
    },
    "6": {
        "precision": 0.9957081545064378,
        "recall": 0.9957081545064378,
        "f1-score": 0.9957081545064378,
        "support": 233
    },
    "7": {
        "precision": 0.9966666666666667,
        "recall": 0.9966666666666667,
        "f1-score": 0.9966666666666667,
        "support": 300
    },
    "8": {
        "precision": 0.996078431372549,
        "recall": 0.9921875,
        "f1-score": 0.9941291585127201,
        "support": 256
    },
    "9": {
        "precision": 0.9714285714285714,
        "recall": 0.9935064935064936,
        "f1-score": 0.9823434991974318,
        "support": 308
    },
    "10": {
        "precision": 0.9571428571428572,
        "recall": 0.988929889298893,
        "f1-score": 0.9727767695099818,
        "support": 271
    },
    "11": {
        "precision": 0.9889705882352942,
        "recall": 1.0,
        "f1-score": 0.9944547134935305,
        "support": 269
    },
    "12": {
        "precision": 0.9695431472081218,
        "recall": 0.9845360824742269,
        "f1-score": 0.9769820971867008,
        "support": 194
    },
    "13": {
        "precision": 0.991701244813278,
        "recall": 0.9835390946502057,
        "f1-score": 0.9876033057851239,
        "support": 243
    },
    "14": {
        "precision": 0.9730941704035875,
        "recall": 0.9774774774774775,
        "f1-score": 0.9752808988764046,
        "support": 222
    },
    "15": {
        "precision": 0.9369085173501577,
        "recall": 0.945859872611465,
        "f1-score": 0.9413629160063393,
        "support": 314
    },
    "16": {
        "precision": 0.9931506849315068,
        "recall": 0.9897610921501706,
        "f1-score": 0.9914529914529915,
        "support": 293
    },
    "17": {
        "precision": 0.9434523809523809,
        "recall": 0.9937304075235109,
        "f1-score": 0.9679389312977099,
        "support": 319
    },
    "18": {
        "precision": 0.9840255591054313,
        "recall": 0.9967637540453075,
        "f1-score": 0.9903536977491961,
        "support": 309
    },
    "19": {
        "precision": 0.993103448275862,
        "recall": 0.9863013698630136,
        "f1-score": 0.9896907216494845,
        "support": 292
    },
    "20": {
        "precision": 0.9791666666666666,
        "recall": 0.9791666666666666,
        "f1-score": 0.9791666666666666,
        "support": 288
    },
    "21": {
        "precision": 0.9867109634551495,
        "recall": 0.9737704918032787,
        "f1-score": 0.9801980198019802,
        "support": 305
    },
    "22": {
        "precision": 1.0,
        "recall": 0.993103448275862,
        "f1-score": 0.9965397923875432,
        "support": 290
    },
    "23": {
        "precision": 1.0,
        "recall": 0.9833333333333333,
        "f1-score": 0.9915966386554621,
        "support": 300
    },
    "24": {
        "precision": 0.9864406779661017,
        "recall": 0.9931740614334471,
        "f1-score": 0.9897959183673468,
        "support": 293
    },
    "25": {
        "precision": 0.9791666666666666,
        "recall": 0.9791666666666666,
        "f1-score": 0.9791666666666666,
        "support": 288
    },
    "26": {
        "precision": 0.9968354430379747,
        "recall": 1.0,
        "f1-score": 0.9984152139461173,
        "support": 315
    },
    "27": {
        "precision": 0.996875,
        "recall": 1.0,
        "f1-score": 0.9984350547730829,
        "support": 319
    },
    "28": {
        "precision": 0.9871794871794872,
        "recall": 0.9935483870967742,
        "f1-score": 0.990353697749196,
        "support": 310
    },
    "29": {
        "precision": 0.9899665551839465,
        "recall": 0.9932885906040269,
        "f1-score": 0.9916247906197654,
        "support": 298
    },
    "30": {
        "precision": 1.0,
        "recall": 0.9628378378378378,
        "f1-score": 0.981067125645439,
        "support": 296
    },
    "31": {
        "precision": 1.0,
        "recall": 1.0,
        "f1-score": 1.0,
        "support": 297
    },
    "32": {
        "precision": 0.990228013029316,
        "recall": 0.987012987012987,
        "f1-score": 0.9886178861788618,
        "support": 308
    },
    "33": {
        "precision": 0.9706840390879479,
        "recall": 0.9867549668874173,
        "f1-score": 0.9786535303776683,
        "support": 302
    },
    "34": {
        "precision": 0.974169741697417,
        "recall": 0.9814126394052045,
        "f1-score": 0.9777777777777777,
        "support": 269
    },
    "35": {
        "precision": 0.9966555183946488,
        "recall": 0.9966555183946488,
        "f1-score": 0.9966555183946488,
        "support": 299
    },
    "36": {
        "precision": 0.9860627177700348,
        "recall": 1.0,
        "f1-score": 0.9929824561403509,
        "support": 283
    },
    "37": {
        "precision": 0.9933554817275747,
        "recall": 0.9933554817275747,
        "f1-score": 0.9933554817275747,
        "support": 301
    },
    "38": {
        "precision": 0.9829931972789115,
        "recall": 1.0,
        "f1-score": 0.9914236706689538,
        "support": 289
    },
    "39": {
        "precision": 0.9966442953020134,
        "recall": 0.9933110367892977,
        "f1-score": 0.9949748743718593,
        "support": 299
    },
    "40": {
        "precision": 0.9964285714285714,
        "recall": 1.0,
        "f1-score": 0.998211091234347,
        "support": 279
    },
    "41": {
        "precision": 0.9932659932659933,
        "recall": 0.9833333333333333,
        "f1-score": 0.9882747068676717,
        "support": 300
    },
    "42": {
        "precision": 1.0,
        "recall": 0.9686520376175548,
        "f1-score": 0.984076433121019,
        "support": 319
    },
    "43": {
        "precision": 1.0,
        "recall": 1.0,
        "f1-score": 1.0,
        "support": 304
    },
    "44": {
        "precision": 0.975,
        "recall": 1.0,
        "f1-score": 0.9873417721518987,
        "support": 273
    },
    "45": {
        "precision": 1.0,
        "recall": 0.993920972644377,
        "f1-score": 0.9969512195121951,
        "support": 329
    },
    "46": {
        "precision": 0.9897610921501706,
        "recall": 0.9965635738831615,
        "f1-score": 0.9931506849315068,
        "support": 291
    },
    "47": {
        "precision": 0.9967213114754099,
        "recall": 1.0,
        "f1-score": 0.9983579638752053,
        "support": 304
    },
    "48": {
        "precision": 0.9746031746031746,
        "recall": 1.0,
        "f1-score": 0.9871382636655948,
        "support": 307
    },
    "49": {
        "precision": 0.9928571428571429,
        "recall": 1.0,
        "f1-score": 0.996415770609319,
        "support": 278
    },
    "50": {
        "precision": 1.0,
        "recall": 0.9932885906040269,
        "f1-score": 0.9966329966329966,
        "support": 298
    },
    "51": {
        "precision": 0.9967320261437909,
        "recall": 1.0,
        "f1-score": 0.9983633387888707,
        "support": 305
    },
    "52": {
        "precision": 0.993485342019544,
        "recall": 1.0,