{
    "0": {
        "precision": 0.8208955223880597,
        "recall": 0.8208955223880597,
        "f1-score": 0.8208955223880597,
        "support": 134
    },
    "1": {
        "precision": 0.8411764705882353,
        "recall": 0.9862068965517241,
        "f1-score": 0.9079365079365078,
        "support": 145
    },
    "2": {
        "precision": 0.9389312977099237,
        "recall": 0.9461538461538461,
        "f1-score": 0.9425287356321839,
        "support": 130
    },
    "3": {
        "precision": 0.9047619047619048,
        "recall": 0.9193548387096774,
        "f1-score": 0.912,
        "support": 124
    },
    "4": {
        "precision": 0.8531468531468531,
        "recall": 0.976,
        "f1-score": 0.9104477611940298,
        "support": 125
    },
    "5": {
        "precision": 0.8117647058823529,
        "recall": 0.9583333333333334,
        "f1-score": 0.8789808917197452,
        "support": 144
    },
    "6": {
        "precision": 0.88,
        "recall": 0.859375,
        "f1-score": 0.8695652173913043,
        "support": 128
    },
    "7": {
        "precision": 0.9130434782608695,
        "recall": 0.9130434782608695,
        "f1-score": 0.9130434782608695,
        "support": 115
    },
    "8": {
        "precision": 0.8620689655172413,
        "recall": 0.9541984732824428,
        "f1-score": 0.9057971014492754,
        "support": 131
    },
    "9": {
        "precision": 0.8958333333333334,
        "recall": 0.9416058394160584,
        "f1-score": 0.9181494661921709,
        "support": 137
    },
    "10": {
        "precision": 0.7209302325581395,
        "recall": 0.9465648854961832,
        "f1-score": 0.8184818481848185,
        "support": 131
    },
    "11": {
        "precision": 0.8859060402684564,
        "recall": 0.9361702127659575,
        "f1-score": 0.9103448275862069,
        "support": 141
    },
    "12": {
        "precision": 0.8368794326241135,
        "recall": 0.9672131147540983,
        "f1-score": 0.897338403041825,
        "support": 122
    },
    "13": {
        "precision": 0.8333333333333334,
        "recall": 0.9285714285714286,
        "f1-score": 0.8783783783783784,
        "support": 140
    },
    "14": {
        "precision": 0.8181818181818182,
        "recall": 0.9212598425196851,
        "f1-score": 0.8666666666666667,
        "support": 127
    },
    "15": {
        "precision": 0.8956521739130435,
        "recall": 0.7463768115942029,
        "f1-score": 0.8142292490118578,
        "support": 138
    },
    "16": {
        "precision": 0.9454545454545454,
        "recall": 0.7938931297709924,
        "f1-score": 0.8630705394190872,
        "support": 131
    },
    "17": {
        "precision": 0.8877551020408163,
        "recall": 0.6744186046511628,
        "f1-score": 0.7665198237885462,
        "support": 129
    },
    "18": {
        "precision": 0.9318181818181818,
        "recall": 0.9044117647058824,
        "f1-score": 0.9179104477611939,
        "support": 136
    },
    "19": {
        "precision": 0.8548387096774194,
        "recall": 0.803030303030303,
        "f1-score": 0.828125,
        "support": 132
    },
    "20": {
        "precision": 0.941747572815534,
        "recall": 0.7950819672131147,
        "f1-score": 0.8622222222222223,
        "support": 122
    },
    "21": {
        "precision": 0.8014705882352942,
        "recall": 0.8384615384615385,
        "f1-score": 0.8195488721804512,
        "support": 130
    },
    "22": {
        "precision": 0.8823529411764706,
        "recall": 0.9051724137931034,
        "f1-score": 0.8936170212765958,
        "support": 116
    },
    "23": {
        "precision": 0.9243697478991597,
        "recall": 0.8870967741935484,
        "f1-score": 0.9053497942386832,
        "support": 124
    },
    "24": {
        "precision": 0.9482758620689655,
        "recall": 0.8943089430894309,
        "f1-score": 0.9205020920502092,
        "support": 123
    },
    "25": {
        "precision": 0.7876712328767124,
        "recall": 0.8778625954198473,
        "f1-score": 0.8303249097472925,
        "support": 131
    },
    "26": {
        "precision": 0.9491525423728814,
        "recall": 0.8421052631578947,
        "f1-score": 0.8924302788844621,
        "support": 133
    },
    "27": {
        "precision": 0.9583333333333334,
        "recall": 0.9274193548387096,
        "f1-score": 0.9426229508196722,
        "support": 124
    },
    "28": {
        "precision": 0.9354838709677419,
        "recall": 0.7131147540983607,
        "f1-score": 0.8093023255813954,
        "support": 122
    },
    "29": {
        "precision": 0.8608695652173913,
        "recall": 0.9,
        "f1-score": 0.88,
        "support": 110
    },
    "30": {
        "precision": 0.8617886178861789,
        "recall": 0.8907563025210085,
        "f1-score": 0.8760330578512397,
        "support": 119
    },
    "31": {
        "precision": 0.9385964912280702,
        "recall": 0.9385964912280702,
        "f1-score": 0.9385964912280702,
        "support": 114
    },
    "32": {
        "precision": 0.8955223880597015,
        "recall": 0.9375,
        "f1-score": 0.9160305343511451,
        "support": 128
    },
    "33": {
        "precision": 0.8203125,
        "recall": 0.8823529411764706,
        "f1-score": 0.8502024291497975,
        "support": 119
    },
    "34": {
        "precision": 0.7846153846153846,
        "recall": 0.8717948717948718,
        "f1-score": 0.8259109311740892,
        "support": 117
    },
    "35": {
        "precision": 0.8939393939393939,
        "recall": 0.959349593495935,
        "f1-score": 0.9254901960784314,
        "support": 123
    },
    "36": {
        "precision": 0.9133858267716536,
        "recall": 0.8923076923076924,
        "f1-score": 0.9027237354085603,
        "support": 130
    },
    "37": {
        "precision": 0.8843537414965986,
        "recall": 0.9154929577464789,
        "f1-score": 0.8996539792387542,
        "support": 142
    },
    "38": {
        "precision": 0.8639455782312925,
        "recall": 0.9202898550724637,
        "f1-score": 0.8912280701754386,
        "support": 138
    },
    "39": {
        "precision": 0.889763779527559,
        "recall": 0.875968992248062,
        "f1-score": 0.8828125,
        "support": 129
    },
    "40": {
        "precision": 0.9090909090909091,
        "recall": 0.916030534351145,
        "f1-score": 0.9125475285171103,
        "support": 131
    },
    "41": {
        "precision": 0.9304347826086956,
        "recall": 0.781021897810219,
        "f1-score": 0.8492063492063493,
        "support": 137
    },
    "42": {
        "precision": 0.9607843137254902,
        "recall": 0.8521739130434782,
        "f1-score": 0.9032258064516129,
        "support": 115
    },
    "43": {
        "precision": 0.9831932773109243,
        "recall": 0.8540145985401459,
        "f1-score": 0.9140625,
        "support": 137
    },
    "44": {
        "precision": 0.8870967741935484,
        "recall": 0.9243697478991597,
        "f1-score": 0.9053497942386832,
        "support": 119
    },
    "45": {
        "precision": 0.9140625,
        "recall": 0.8796992481203008,
        "f1-score": 0.896551724137931,
        "support": 133
    },
    "46": {
        "precision": 0.90625,
        "recall": 0.8592592592592593,
        "f1-score": 0.8821292775665399,
        "support": 135
    },
    "47": {
        "precision": 0.9752066115702479,
        "recall": 0.959349593495935,
        "f1-score": 0.9672131147540983,
        "support": 123
    },
    "48": {
        "precision": 0.8923076923076924,
        "recall": 0.90625,
        "f1-score": 0.8992248062015504,
        "support": 128
    },
    "49": {
        "precision": 0.9776119402985075,
        "recall": 0.9849624060150376,
        "f1-score": 0.9812734082397004,
        "support": 133
    },
    "50": {
        "precision": 0.8604651162790697,
        "recall": 0.888,
        "f1-score": 0.8740157480314961,