{
    "0": {
        "precision": 0.8320610687022901,
        "recall": 0.8134328358208955,
        "f1-score": 0.8226415094339622,
        "support": 134
    },
    "1": {
        "precision": 0.8372093023255814,
        "recall": 0.993103448275862,
        "f1-score": 0.9085173501577287,
        "support": 145
    },
    "2": {
        "precision": 0.937984496124031,
        "recall": 0.9307692307692308,
        "f1-score": 0.9343629343629343,
        "support": 130
    },
    "3": {
        "precision": 0.926829268292683,
        "recall": 0.9193548387096774,
        "f1-score": 0.923076923076923,
        "support": 124
    },
    "4": {
        "precision": 0.8472222222222222,
        "recall": 0.976,
        "f1-score": 0.9070631970260222,
        "support": 125
    },
    "5": {
        "precision": 0.8143712574850299,
        "recall": 0.9444444444444444,
        "f1-score": 0.8745980707395499,
        "support": 144
    },
    "6": {
        "precision": 0.8671875,
        "recall": 0.8671875,
        "f1-score": 0.8671875,
        "support": 128
    },
    "7": {
        "precision": 0.8852459016393442,
        "recall": 0.9391304347826087,
        "f1-score": 0.9113924050632911,
        "support": 115
    },
    "8": {
        "precision": 0.8278145695364238,
        "recall": 0.9541984732824428,
        "f1-score": 0.8865248226950355,
        "support": 131
    },
    "9": {
        "precision": 0.9014084507042254,
        "recall": 0.9343065693430657,
        "f1-score": 0.917562724014337,
        "support": 137
    },
    "10": {
        "precision": 0.6864864864864865,
        "recall": 0.9694656488549618,
        "f1-score": 0.8037974683544303,
        "support": 131
    },
    "11": {
        "precision": 0.8791946308724832,
        "recall": 0.9290780141843972,
        "f1-score": 0.9034482758620689,
        "support": 141
    },
    "12": {
        "precision": 0.8467153284671532,
        "recall": 0.9508196721311475,
        "f1-score": 0.8957528957528956,
        "support": 122
    },
    "13": {
        "precision": 0.8291139240506329,
        "recall": 0.9357142857142857,
        "f1-score": 0.8791946308724832,
        "support": 140
    },
    "14": {
        "precision": 0.837037037037037,
        "recall": 0.889763779527559,
        "f1-score": 0.8625954198473282,
        "support": 127
    },
    "15": {
        "precision": 0.9067796610169492,
        "recall": 0.7753623188405797,
        "f1-score": 0.8359375,
        "support": 138
    },
    "16": {
        "precision": 0.9090909090909091,
        "recall": 0.7633587786259542,
        "f1-score": 0.8298755186721992,
        "support": 131
    },
    "17": {
        "precision": 0.9130434782608695,
        "recall": 0.6511627906976745,
        "f1-score": 0.7601809954751132,
        "support": 129
    },
    "18": {
        "precision": 0.9558823529411765,
        "recall": 0.9558823529411765,
        "f1-score": 0.9558823529411765,
        "support": 136
    },
    "19": {
        "precision": 0.8907563025210085,
        "recall": 0.803030303030303,
        "f1-score": 0.844621513944223,
        "support": 132
    },
    "20": {
        "precision": 0.9292929292929293,
        "recall": 0.7540983606557377,
        "f1-score": 0.8325791855203619,
        "support": 122
    },
    "21": {
        "precision": 0.7910447761194029,
        "recall": 0.8153846153846154,
        "f1-score": 0.803030303030303,
        "support": 130
    },
    "22": {
        "precision": 0.8666666666666667,
        "recall": 0.896551724137931,
        "f1-score": 0.8813559322033899,
        "support": 116
    },
    "23": {
        "precision": 0.9464285714285714,
        "recall": 0.8548387096774194,
        "f1-score": 0.8983050847457628,
        "support": 124
    },
    "24": {
        "precision": 0.9067796610169492,
        "recall": 0.8699186991869918,
        "f1-score": 0.8879668049792531,
        "support": 123
    },
    "25": {
        "precision": 0.823943661971831,
        "recall": 0.8931297709923665,
        "f1-score": 0.8571428571428571,
        "support": 131
    },
    "26": {
        "precision": 0.9732142857142857,
        "recall": 0.8195488721804511,
        "f1-score": 0.889795918367347,
        "support": 133
    },
    "27": {
        "precision": 0.959349593495935,
        "recall": 0.9516129032258065,
        "f1-score": 0.9554655870445343,
        "support": 124
    },
    "28": {
        "precision": 0.9042553191489362,
        "recall": 0.6967213114754098,
        "f1-score": 0.7870370370370371,
        "support": 122
    },
    "29": {
        "precision": 0.8521739130434782,
        "recall": 0.8909090909090909,
        "f1-score": 0.8711111111111111,
        "support": 110
    },
    "30": {
        "precision": 0.8412698412698413,
        "recall": 0.8907563025210085,
        "f1-score": 0.8653061224489796,
        "support": 119
    },
    "31": {
        "precision": 0.9541284403669725,
        "recall": 0.9122807017543859,
        "f1-score": 0.9327354260089685,
        "support": 114
    },
    "32": {
        "precision": 0.8947368421052632,
        "recall": 0.9296875,
        "f1-score": 0.9118773946360152,
        "support": 128
    },
    "33": {
        "precision": 0.819672131147541,
        "recall": 0.8403361344537815,
        "f1-score": 0.8298755186721991,
        "support": 119
    },
    "34": {
        "precision": 0.7874015748031497,
        "recall": 0.8547008547008547,
        "f1-score": 0.819672131147541,
        "support": 117
    },
    "35": {
        "precision": 0.952,
        "recall": 0.967479674796748,
        "f1-score": 0.9596774193548387,
        "support": 123
    },
    "36": {
        "precision": 0.8870967741935484,
        "recall": 0.8461538461538461,
        "f1-score": 0.8661417322834646,
        "support": 130
    },
    "37": {
        "precision": 0.8716216216216216,
        "recall": 0.9084507042253521,
        "f1-score": 0.8896551724137931,
        "support": 142
    },
    "38": {
        "precision": 0.8562091503267973,
        "recall": 0.9492753623188406,
        "f1-score": 0.9003436426116839,
        "support": 138
    },
    "39": {
        "precision": 0.8712121212121212,
        "recall": 0.8914728682170543,
        "f1-score": 0.8812260536398466,
        "support": 129
    },
    "40": {
        "precision": 0.8970588235294118,
        "recall": 0.9312977099236641,
        "f1-score": 0.9138576779026218,
        "support": 131
    },
    "41": {
        "precision": 0.9545454545454546,
        "recall": 0.7664233576642335,
        "f1-score": 0.8502024291497976,
        "support": 137
    },
    "42": {
        "precision": 0.912621359223301,
        "recall": 0.8173913043478261,
        "f1-score": 0.8623853211009174,
        "support": 115
    },
    "43": {
        "precision": 0.9741379310344828,
        "recall": 0.8248175182481752,
        "f1-score": 0.8932806324110671,
        "support": 137
    },
    "44": {
        "precision": 0.8677685950413223,
        "recall": 0.8823529411764706,
        "f1-score": 0.8749999999999999,
        "support": 119
    },
    "45": {
        "precision": 0.928,
        "recall": 0.8721804511278195,
        "f1-score": 0.8992248062015503,
        "support": 133
    },
    "46": {
        "precision": 0.8778625954198473,
        "recall": 0.8518518518518519,
        "f1-score": 0.8646616541353385,
        "support": 135
    },
    "47": {
        "precision": 0.9831932773109243,
        "recall": 0.9512195121951219,
        "f1-score": 0.9669421487603305,
        "support": 123
    },
    "48": {
        "precision": 0.8931297709923665,
        "recall": 0.9140625,
        "f1-score": 0.9034749034749036,
        "support": 128
    },
    "49": {
        "precision": 0.9776119402985075,
        "recall": 0.9849624060150376,
        "f1-score": 0.9812734082397004,
        "support": 133
    },
    "50": {
        "precision": 0.8625954198473282,