{
    "0": {
        "precision": 0.6142857142857143,
        "recall": 0.6417910447761194,
        "f1-score": 0.6277372262773724,
        "support": 134
    },
    "1": {
        "precision": 0.7062146892655368,
        "recall": 0.8620689655172413,
        "f1-score": 0.7763975155279502,
        "support": 145
    },
    "2": {
        "precision": 0.9719626168224299,
        "recall": 0.8,
        "f1-score": 0.8776371308016878,
        "support": 130
    },
    "3": {
        "precision": 0.7894736842105263,
        "recall": 0.8467741935483871,
        "f1-score": 0.8171206225680934,
        "support": 124
    },
    "4": {
        "precision": 0.776,
        "recall": 0.776,
        "f1-score": 0.776,
        "support": 125
    },
    "5": {
        "precision": 0.7635135135135135,
        "recall": 0.7847222222222222,
        "f1-score": 0.773972602739726,
        "support": 144
    },
    "6": {
        "precision": 0.7304347826086957,
        "recall": 0.65625,
        "f1-score": 0.691358024691358,
        "support": 128
    },
    "7": {
        "precision": 0.8738738738738738,
        "recall": 0.8434782608695652,
        "f1-score": 0.8584070796460177,
        "support": 115
    },
    "8": {
        "precision": 0.5895522388059702,
        "recall": 0.6030534351145038,
        "f1-score": 0.5962264150943397,
        "support": 131
    },
    "9": {
        "precision": 0.7972027972027972,
        "recall": 0.8321167883211679,
        "f1-score": 0.8142857142857143,
        "support": 137
    },
    "10": {
        "precision": 0.5,
        "recall": 0.46564885496183206,
        "f1-score": 0.48221343873517786,
        "support": 131
    },
    "11": {
        "precision": 0.76,
        "recall": 0.8085106382978723,
        "f1-score": 0.7835051546391754,
        "support": 141
    },
    "12": {
        "precision": 0.8442622950819673,
        "recall": 0.8442622950819673,
        "f1-score": 0.8442622950819673,
        "support": 122
    },
    "13": {
        "precision": 0.8014184397163121,
        "recall": 0.8071428571428572,
        "f1-score": 0.804270462633452,
        "support": 140
    },
    "14": {
        "precision": 0.7589285714285714,
        "recall": 0.6692913385826772,
        "f1-score": 0.7112970711297071,
        "support": 127
    },
    "15": {
        "precision": 0.6408450704225352,
        "recall": 0.6594202898550725,
        "f1-score": 0.65,
        "support": 138
    },
    "16": {
        "precision": 0.4881889763779528,
        "recall": 0.4732824427480916,
        "f1-score": 0.4806201550387597,
        "support": 131
    },
    "17": {
        "precision": 0.44696969696969696,
        "recall": 0.4573643410852713,
        "f1-score": 0.4521072796934866,
        "support": 129
    },
    "18": {
        "precision": 0.746268656716418,
        "recall": 0.7352941176470589,
        "f1-score": 0.7407407407407408,
        "support": 136
    },
    "19": {
        "precision": 0.5338345864661654,
        "recall": 0.5378787878787878,
        "f1-score": 0.5358490566037736,
        "support": 132
    },
    "20": {
        "precision": 0.7807017543859649,
        "recall": 0.7295081967213115,
        "f1-score": 0.7542372881355933,
        "support": 122
    },
    "21": {
        "precision": 0.5683453237410072,
        "recall": 0.6076923076923076,
        "f1-score": 0.587360594795539,
        "support": 130
    },
    "22": {
        "precision": 0.8214285714285714,
        "recall": 0.7931034482758621,
        "f1-score": 0.8070175438596492,
        "support": 116
    },
    "23": {
        "precision": 0.6618705035971223,
        "recall": 0.7419354838709677,
        "f1-score": 0.6996197718631179,
        "support": 124
    },
    "24": {
        "precision": 0.664,
        "recall": 0.6747967479674797,
        "f1-score": 0.6693548387096774,
        "support": 123
    },
    "25": {
        "precision": 0.6491228070175439,
        "recall": 0.5648854961832062,
        "f1-score": 0.6040816326530613,
        "support": 131
    },
    "26": {
        "precision": 0.7083333333333334,
        "recall": 0.5112781954887218,
        "f1-score": 0.5938864628820961,
        "support": 133
    },
    "27": {
        "precision": 0.7007874015748031,
        "recall": 0.717741935483871,
        "f1-score": 0.7091633466135457,
        "support": 124
    },
    "28": {
        "precision": 0.5161290322580645,
        "recall": 0.39344262295081966,
        "f1-score": 0.44651162790697674,
        "support": 122
    },
    "29": {
        "precision": 0.7011494252873564,
        "recall": 0.5545454545454546,
        "f1-score": 0.6192893401015228,
        "support": 110
    },
    "30": {
        "precision": 0.696,
        "recall": 0.7310924369747899,
        "f1-score": 0.7131147540983606,
        "support": 119
    },
    "31": {
        "precision": 0.7317073170731707,
        "recall": 0.7894736842105263,
        "f1-score": 0.7594936708860759,
        "support": 114
    },
    "32": {
        "precision": 0.7698412698412699,
        "recall": 0.7578125,
        "f1-score": 0.7637795275590552,
        "support": 128
    },
    "33": {
        "precision": 0.7637795275590551,
        "recall": 0.8151260504201681,
        "f1-score": 0.7886178861788617,
        "support": 119
    },
    "34": {
        "precision": 0.73,
        "recall": 0.6239316239316239,
        "f1-score": 0.6728110599078341,
        "support": 117
    },
    "35": {
        "precision": 0.7664233576642335,
        "recall": 0.8536585365853658,
        "f1-score": 0.8076923076923077,
        "support": 123
    },
    "36": {
        "precision": 0.6458333333333334,
        "recall": 0.7153846153846154,
        "f1-score": 0.6788321167883212,
        "support": 130
    },
    "37": {
        "precision": 0.6710526315789473,
        "recall": 0.7183098591549296,
        "f1-score": 0.6938775510204082,
        "support": 142
    },
    "38": {
        "precision": 0.5945945945945946,
        "recall": 0.6376811594202898,
        "f1-score": 0.6153846153846154,
        "support": 138
    },
    "39": {
        "precision": 0.6546762589928058,
        "recall": 0.7054263565891473,
        "f1-score": 0.6791044776119404,
        "support": 129
    },
    "40": {
        "precision": 0.632258064516129,
        "recall": 0.7480916030534351,
        "f1-score": 0.6853146853146853,
        "support": 131
    },
    "41": {
        "precision": 0.6277372262773723,
        "recall": 0.6277372262773723,
        "f1-score": 0.6277372262773723,
        "support": 137
    },
    "42": {
        "precision": 0.5217391304347826,
        "recall": 0.6260869565217392,
        "f1-score": 0.5691699604743082,
        "support": 115
    },
    "43": {
        "precision": 0.8556701030927835,
        "recall": 0.6058394160583942,
        "f1-score": 0.7094017094017094,
        "support": 137
    },
    "44": {
        "precision": 0.5887096774193549,
        "recall": 0.6134453781512605,
        "f1-score": 0.6008230452674898,
        "support": 119
    },
    "45": {
        "precision": 0.704,
        "recall": 0.6616541353383458,
        "f1-score": 0.6821705426356589,
        "support": 133
    },
    "46": {
        "precision": 0.723404255319149,
        "recall": 0.5037037037037037,
        "f1-score": 0.593886462882096,
        "support": 135
    },
    "47": {
        "precision": 0.7909090909090909,
        "recall": 0.7073170731707317,
        "f1-score": 0.7467811158798283,
        "support": 123
    },
    "48": {
        "precision": 0.5488721804511278,
        "recall": 0.5703125,
        "f1-score": 0.5593869731800767,
        "support": 128
    },
    "49": {
        "precision": 0.6666666666666666,
        "recall": 0.6616541353383458,
        "f1-score": 0.6641509433962265,
        "support": 133
    },
    "50": {
        "precision": 0.47058823529411764,
        "recall": 0.448,
        "f1-score": 0.45901639344262296,