{
    "0": {
        "precision": 0.8161764705882353,
        "recall": 0.8283582089552238,
        "f1-score": 0.8222222222222222,
        "support": 134
    },
    "1": {
        "precision": 0.8313953488372093,
        "recall": 0.9862068965517241,
        "f1-score": 0.9022082018927445,
        "support": 145
    },
    "2": {
        "precision": 0.968503937007874,
        "recall": 0.9461538461538461,
        "f1-score": 0.9571984435797665,
        "support": 130
    },
    "3": {
        "precision": 0.9140625,
        "recall": 0.9435483870967742,
        "f1-score": 0.9285714285714286,
        "support": 124
    },
    "4": {
        "precision": 0.8482758620689655,
        "recall": 0.984,
        "f1-score": 0.9111111111111111,
        "support": 125
    },
    "5": {
        "precision": 0.8203592814371258,
        "recall": 0.9513888888888888,
        "f1-score": 0.8810289389067523,
        "support": 144
    },
    "6": {
        "precision": 0.8709677419354839,
        "recall": 0.84375,
        "f1-score": 0.8571428571428571,
        "support": 128
    },
    "7": {
        "precision": 0.8699186991869918,
        "recall": 0.9304347826086956,
        "f1-score": 0.8991596638655462,
        "support": 115
    },
    "8": {
        "precision": 0.8445945945945946,
        "recall": 0.9541984732824428,
        "f1-score": 0.8960573476702509,
        "support": 131
    },
    "9": {
        "precision": 0.9027777777777778,
        "recall": 0.948905109489051,
        "f1-score": 0.9252669039145908,
        "support": 137
    },
    "10": {
        "precision": 0.7102272727272727,
        "recall": 0.9541984732824428,
        "f1-score": 0.8143322475570033,
        "support": 131
    },
    "11": {
        "precision": 0.8933333333333333,
        "recall": 0.950354609929078,
        "f1-score": 0.9209621993127147,
        "support": 141
    },
    "12": {
        "precision": 0.8540145985401459,
        "recall": 0.9590163934426229,
        "f1-score": 0.9034749034749034,
        "support": 122
    },
    "13": {
        "precision": 0.8417721518987342,
        "recall": 0.95,
        "f1-score": 0.8926174496644296,
        "support": 140
    },
    "14": {
        "precision": 0.8333333333333334,
        "recall": 0.905511811023622,
        "f1-score": 0.8679245283018868,
        "support": 127
    },
    "15": {
        "precision": 0.9130434782608695,
        "recall": 0.7608695652173914,
        "f1-score": 0.8300395256916996,
        "support": 138
    },
    "16": {
        "precision": 0.8793103448275862,
        "recall": 0.7786259541984732,
        "f1-score": 0.8259109311740891,
        "support": 131
    },
    "17": {
        "precision": 0.9381443298969072,
        "recall": 0.7054263565891473,
        "f1-score": 0.8053097345132743,
        "support": 129
    },
    "18": {
        "precision": 0.9629629629629629,
        "recall": 0.9558823529411765,
        "f1-score": 0.959409594095941,
        "support": 136
    },
    "19": {
        "precision": 0.8760330578512396,
        "recall": 0.803030303030303,
        "f1-score": 0.8379446640316206,
        "support": 132
    },
    "20": {
        "precision": 0.8952380952380953,
        "recall": 0.7704918032786885,
        "f1-score": 0.8281938325991188,
        "support": 122
    },
    "21": {
        "precision": 0.7777777777777778,
        "recall": 0.8076923076923077,
        "f1-score": 0.7924528301886792,
        "support": 130
    },
    "22": {
        "precision": 0.8833333333333333,
        "recall": 0.9137931034482759,
        "f1-score": 0.8983050847457628,
        "support": 116
    },
    "23": {
        "precision": 0.9230769230769231,
        "recall": 0.8709677419354839,
        "f1-score": 0.8962655601659751,
        "support": 124
    },
    "24": {
        "precision": 0.9304347826086956,
        "recall": 0.8699186991869918,
        "f1-score": 0.8991596638655462,
        "support": 123
    },
    "25": {
        "precision": 0.7876712328767124,
        "recall": 0.8778625954198473,
        "f1-score": 0.8303249097472925,
        "support": 131
    },
    "26": {
        "precision": 0.9642857142857143,
        "recall": 0.8120300751879699,
        "f1-score": 0.8816326530612245,
        "support": 133
    },
    "27": {
        "precision": 0.9743589743589743,
        "recall": 0.9193548387096774,
        "f1-score": 0.946058091286307,
        "support": 124
    },
    "28": {
        "precision": 0.9042553191489362,
        "recall": 0.6967213114754098,
        "f1-score": 0.7870370370370371,
        "support": 122
    },
    "29": {
        "precision": 0.8660714285714286,
        "recall": 0.8818181818181818,
        "f1-score": 0.8738738738738738,
        "support": 110
    },
    "30": {
        "precision": 0.9083333333333333,
        "recall": 0.9159663865546218,
        "f1-score": 0.9121338912133891,
        "support": 119
    },
    "31": {
        "precision": 0.9722222222222222,
        "recall": 0.9210526315789473,
        "f1-score": 0.9459459459459458,
        "support": 114
    },
    "32": {
        "precision": 0.8740740740740741,
        "recall": 0.921875,
        "f1-score": 0.897338403041825,
        "support": 128
    },
    "33": {
        "precision": 0.8225806451612904,
        "recall": 0.8571428571428571,
        "f1-score": 0.8395061728395062,
        "support": 119
    },
    "34": {
        "precision": 0.8031496062992126,
        "recall": 0.8717948717948718,
        "f1-score": 0.8360655737704918,
        "support": 117
    },
    "35": {
        "precision": 0.9291338582677166,
        "recall": 0.959349593495935,
        "f1-score": 0.9440000000000001,
        "support": 123
    },
    "36": {
        "precision": 0.888,
        "recall": 0.8538461538461538,
        "f1-score": 0.8705882352941177,
        "support": 130
    },
    "37": {
        "precision": 0.8835616438356164,
        "recall": 0.9084507042253521,
        "f1-score": 0.8958333333333333,
        "support": 142
    },
    "38": {
        "precision": 0.8333333333333334,
        "recall": 0.9420289855072463,
        "f1-score": 0.8843537414965987,
        "support": 138
    },
    "39": {
        "precision": 0.9032258064516129,
        "recall": 0.8682170542635659,
        "f1-score": 0.8853754940711462,
        "support": 129
    },
    "40": {
        "precision": 0.9083969465648855,
        "recall": 0.9083969465648855,
        "f1-score": 0.9083969465648855,
        "support": 131
    },
    "41": {
        "precision": 0.9396551724137931,
        "recall": 0.7956204379562044,
        "f1-score": 0.8616600790513834,
        "support": 137
    },
    "42": {
        "precision": 0.9433962264150944,
        "recall": 0.8695652173913043,
        "f1-score": 0.9049773755656109,
        "support": 115
    },
    "43": {
        "precision": 0.9831932773109243,
        "recall": 0.8540145985401459,
        "f1-score": 0.9140625,
        "support": 137
    },
    "44": {
        "precision": 0.875,
        "recall": 0.8823529411764706,
        "f1-score": 0.8786610878661087,
        "support": 119
    },
    "45": {
        "precision": 0.928,
        "recall": 0.8721804511278195,
        "f1-score": 0.8992248062015503,
        "support": 133
    },
    "46": {
        "precision": 0.9098360655737705,
        "recall": 0.8222222222222222,
        "f1-score": 0.8638132295719845,
        "support": 135
    },
    "47": {
        "precision": 0.9915966386554622,
        "recall": 0.959349593495935,
        "f1-score": 0.9752066115702479,
        "support": 123
    },
    "48": {
        "precision": 0.8854961832061069,
        "recall": 0.90625,
        "f1-score": 0.8957528957528957,
        "support": 128
    },
    "49": {
        "precision": 0.9562043795620438,
        "recall": 0.9849624060150376,
        "f1-score": 0.9703703703703703,
        "support": 133
    },
    "50": {
        "precision": 0.8444444444444444,
        "recall": 0.912,