{
    "0": {
        "precision": 0.9838187702265372,
        "recall": 0.977491961414791,
        "f1-score": 0.9806451612903226,
        "support": 311
    },
    "1": {
        "precision": 0.9708333333333333,
        "recall": 0.9914893617021276,
        "f1-score": 0.9810526315789473,
        "support": 235
    },
    "2": {
        "precision": 0.9966666666666667,
        "recall": 0.9966666666666667,
        "f1-score": 0.9966666666666667,
        "support": 300
    },
    "3": {
        "precision": 1.0,
        "recall": 1.0,
        "f1-score": 1.0,
        "support": 238
    },
    "4": {
        "precision": 0.9967845659163987,
        "recall": 0.9967845659163987,
        "f1-score": 0.9967845659163987,
        "support": 311
    },
    "5": {
        "precision": 0.9967320261437909,
        "recall": 0.9967320261437909,
        "f1-score": 0.9967320261437909,
        "support": 306
    },
    "6": {
        "precision": 0.9914529914529915,
        "recall": 0.9957081545064378,
        "f1-score": 0.9935760171306209,
        "support": 233
    },
    "7": {
        "precision": 0.9900332225913622,
        "recall": 0.9933333333333333,
        "f1-score": 0.9916805324459235,
        "support": 300
    },
    "8": {
        "precision": 0.9919678714859438,
        "recall": 0.96484375,
        "f1-score": 0.9782178217821783,
        "support": 256
    },
    "9": {
        "precision": 0.9746031746031746,
        "recall": 0.9967532467532467,
        "f1-score": 0.985553772070626,
        "support": 308
    },
    "10": {
        "precision": 0.9818840579710145,
        "recall": 1.0,
        "f1-score": 0.9908592321755028,
        "support": 271
    },
    "11": {
        "precision": 0.9607142857142857,
        "recall": 1.0,
        "f1-score": 0.9799635701275046,
        "support": 269
    },
    "12": {
        "precision": 0.9846153846153847,
        "recall": 0.9896907216494846,
        "f1-score": 0.9871465295629821,
        "support": 194
    },
    "13": {
        "precision": 0.9828326180257511,
        "recall": 0.9423868312757202,
        "f1-score": 0.9621848739495797,
        "support": 243
    },
    "14": {
        "precision": 0.968609865470852,
        "recall": 0.972972972972973,
        "f1-score": 0.9707865168539327,
        "support": 222
    },
    "15": {
        "precision": 0.9745222929936306,
        "recall": 0.9745222929936306,
        "f1-score": 0.9745222929936306,
        "support": 314
    },
    "16": {
        "precision": 1.0,
        "recall": 0.9863481228668942,
        "f1-score": 0.993127147766323,
        "support": 293
    },
    "17": {
        "precision": 0.99375,
        "recall": 0.9968652037617555,
        "f1-score": 0.9953051643192489,
        "support": 319
    },
    "18": {
        "precision": 1.0,
        "recall": 1.0,
        "f1-score": 1.0,
        "support": 309
    },
    "19": {
        "precision": 0.9668874172185431,
        "recall": 1.0,
        "f1-score": 0.9831649831649832,
        "support": 292
    },
    "20": {
        "precision": 0.9860627177700348,
        "recall": 0.9826388888888888,
        "f1-score": 0.9843478260869565,
        "support": 288
    },
    "21": {
        "precision": 0.9738562091503268,
        "recall": 0.9770491803278688,
        "f1-score": 0.9754500818330606,
        "support": 305
    },
    "22": {
        "precision": 1.0,
        "recall": 1.0,
        "f1-score": 1.0,
        "support": 290
    },
    "23": {
        "precision": 0.9933774834437086,
        "recall": 1.0,
        "f1-score": 0.9966777408637874,
        "support": 300
    },
    "24": {
        "precision": 0.9931740614334471,
        "recall": 0.9931740614334471,
        "f1-score": 0.9931740614334471,
        "support": 293
    },
    "25": {
        "precision": 0.9895833333333334,
        "recall": 0.9895833333333334,
        "f1-score": 0.9895833333333334,
        "support": 288
    },
    "26": {
        "precision": 1.0,
        "recall": 0.9968253968253968,
        "f1-score": 0.9984101748807631,
        "support": 315
    },
    "27": {
        "precision": 0.996875,
        "recall": 1.0,
        "f1-score": 0.9984350547730829,
        "support": 319
    },
    "28": {
        "precision": 1.0,
        "recall": 0.9548387096774194,
        "f1-score": 0.9768976897689768,
        "support": 310
    },
    "29": {
        "precision": 0.9737704918032787,
        "recall": 0.9966442953020134,
        "f1-score": 0.9850746268656717,
        "support": 298
    },
    "30": {
        "precision": 1.0,
        "recall": 0.9966216216216216,
        "f1-score": 0.9983079526226735,
        "support": 296
    },
    "31": {
        "precision": 1.0,
        "recall": 1.0,
        "f1-score": 1.0,
        "support": 297
    },
    "32": {
        "precision": 0.993485342019544,
        "recall": 0.9902597402597403,
        "f1-score": 0.9918699186991871,
        "support": 308
    },
    "33": {
        "precision": 0.9738562091503268,
        "recall": 0.9867549668874173,
        "f1-score": 0.9802631578947368,
        "support": 302
    },
    "34": {
        "precision": 0.9704797047970479,
        "recall": 0.9776951672862454,
        "f1-score": 0.9740740740740741,
        "support": 269
    },
    "35": {
        "precision": 0.9966666666666667,
        "recall": 1.0,
        "f1-score": 0.9983305509181971,
        "support": 299
    },
    "36": {
        "precision": 0.9964539007092199,
        "recall": 0.9929328621908127,
        "f1-score": 0.9946902654867257,
        "support": 283
    },
    "37": {
        "precision": 1.0,
        "recall": 0.9966777408637874,
        "f1-score": 0.9983361064891847,
        "support": 301
    },
    "38": {
        "precision": 1.0,
        "recall": 0.9930795847750865,
        "f1-score": 0.9965277777777778,
        "support": 289
    },
    "39": {
        "precision": 1.0,
        "recall": 0.9966555183946488,
        "f1-score": 0.998324958123953,
        "support": 299
    },
    "40": {
        "precision": 1.0,
        "recall": 1.0,
        "f1-score": 1.0,
        "support": 279
    },
    "41": {
        "precision": 0.9867549668874173,
        "recall": 0.9933333333333333,
        "f1-score": 0.9900332225913622,
        "support": 300
    },
    "42": {
        "precision": 1.0,
        "recall": 0.9968652037617555,
        "f1-score": 0.9984301412872841,
        "support": 319
    },
    "43": {
        "precision": 1.0,
        "recall": 0.9967105263157895,
        "f1-score": 0.9983525535420099,
        "support": 304
    },
    "44": {
        "precision": 0.9818181818181818,
        "recall": 0.989010989010989,
        "f1-score": 0.9854014598540145,
        "support": 273
    },
    "45": {
        "precision": 0.9938837920489296,
        "recall": 0.9878419452887538,
        "f1-score": 0.9908536585365854,
        "support": 329
    },
    "46": {
        "precision": 0.9895104895104895,
        "recall": 0.9725085910652921,
        "f1-score": 0.9809358752166377,
        "support": 291
    },
    "47": {
        "precision": 1.0,
        "recall": 1.0,
        "f1-score": 1.0,
        "support": 304
    },
    "48": {
        "precision": 0.996742671009772,
        "recall": 0.996742671009772,
        "f1-score": 0.996742671009772,
        "support": 307
    },
    "49": {
        "precision": 0.9857651245551602,
        "recall": 0.9964028776978417,
        "f1-score": 0.9910554561717353,
        "support": 278
    },
    "50": {
        "precision": 0.9966329966329966,
        "recall": 0.9932885906040269,
        "f1-score": 0.9949579831932773,
        "support": 298
    },
    "51": {
        "precision": 1.0,
        "recall": 1.0,
        "f1-score": 1.0,
        "support": 305
    },
    "52": {
        "precision": 1.0,
        "recall": 1.0,
        "f1-score": 1.0,
        "support": 305
    },
    "53": {
        "precision": 1.0,
        "recall": 0.9968051118210862,