{
    "0": {
        "precision": 0.863013698630137,
        "recall": 0.9402985074626866,
        "f1-score": 0.9,
        "support": 134
    },
    "1": {
        "precision": 0.9647887323943662,
        "recall": 0.9448275862068966,
        "f1-score": 0.9547038327526133,
        "support": 145
    },
    "2": {
        "precision": 0.948905109489051,
        "recall": 1.0,
        "f1-score": 0.9737827715355805,
        "support": 130
    },
    "3": {
        "precision": 0.8785714285714286,
        "recall": 0.9919354838709677,
        "f1-score": 0.9318181818181818,
        "support": 124
    },
    "4": {
        "precision": 0.9765625,
        "recall": 1.0,
        "f1-score": 0.9881422924901185,
        "support": 125
    },
    "5": {
        "precision": 0.972972972972973,
        "recall": 1.0,
        "f1-score": 0.9863013698630138,
        "support": 144
    },
    "6": {
        "precision": 0.9769230769230769,
        "recall": 0.9921875,
        "f1-score": 0.9844961240310077,
        "support": 128
    },
    "7": {
        "precision": 0.9504132231404959,
        "recall": 1.0,
        "f1-score": 0.9745762711864406,
        "support": 115
    },
    "8": {
        "precision": 0.9699248120300752,
        "recall": 0.9847328244274809,
        "f1-score": 0.9772727272727273,
        "support": 131
    },
    "9": {
        "precision": 0.9852941176470589,
        "recall": 0.9781021897810219,
        "f1-score": 0.9816849816849818,
        "support": 137
    },
    "10": {
        "precision": 0.9420289855072463,
        "recall": 0.9923664122137404,
        "f1-score": 0.966542750929368,
        "support": 131
    },
    "11": {
        "precision": 0.9383561643835616,
        "recall": 0.9716312056737588,
        "f1-score": 0.9547038327526133,
        "support": 141
    },
    "12": {
        "precision": 0.937984496124031,
        "recall": 0.9918032786885246,
        "f1-score": 0.9641434262948207,
        "support": 122
    },
    "13": {
        "precision": 0.8536585365853658,
        "recall": 1.0,
        "f1-score": 0.9210526315789475,
        "support": 140
    },
    "14": {
        "precision": 0.9185185185185185,
        "recall": 0.9763779527559056,
        "f1-score": 0.9465648854961832,
        "support": 127
    },
    "15": {
        "precision": 0.928,
        "recall": 0.8405797101449275,
        "f1-score": 0.8821292775665398,
        "support": 138
    },
    "16": {
        "precision": 0.9555555555555556,
        "recall": 0.9847328244274809,
        "f1-score": 0.9699248120300753,
        "support": 131
    },
    "17": {
        "precision": 0.984375,
        "recall": 0.9767441860465116,
        "f1-score": 0.980544747081712,
        "support": 129
    },
    "18": {
        "precision": 1.0,
        "recall": 1.0,
        "f1-score": 1.0,
        "support": 136
    },
    "19": {
        "precision": 0.9774436090225563,
        "recall": 0.9848484848484849,
        "f1-score": 0.981132075471698,
        "support": 132
    },
    "20": {
        "precision": 0.9830508474576272,
        "recall": 0.9508196721311475,
        "f1-score": 0.9666666666666667,
        "support": 122
    },
    "21": {
        "precision": 0.9465648854961832,
        "recall": 0.9538461538461539,
        "f1-score": 0.9501915708812262,
        "support": 130
    },
    "22": {
        "precision": 1.0,
        "recall": 0.9741379310344828,
        "f1-score": 0.9868995633187774,
        "support": 116
    },
    "23": {
        "precision": 0.9538461538461539,
        "recall": 1.0,
        "f1-score": 0.9763779527559054,
        "support": 124
    },
    "24": {
        "precision": 0.983739837398374,
        "recall": 0.983739837398374,
        "f1-score": 0.983739837398374,
        "support": 123
    },
    "25": {
        "precision": 0.9615384615384616,
        "recall": 0.9541984732824428,
        "f1-score": 0.9578544061302683,
        "support": 131
    },
    "26": {
        "precision": 0.9776119402985075,
        "recall": 0.9849624060150376,
        "f1-score": 0.9812734082397004,
        "support": 133
    },
    "27": {
        "precision": 0.9841269841269841,
        "recall": 1.0,
        "f1-score": 0.9919999999999999,
        "support": 124
    },
    "28": {
        "precision": 0.8275862068965517,
        "recall": 0.9836065573770492,
        "f1-score": 0.8988764044943819,
        "support": 122
    },
    "29": {
        "precision": 0.972972972972973,
        "recall": 0.9818181818181818,
        "f1-score": 0.9773755656108598,
        "support": 110
    },
    "30": {
        "precision": 1.0,
        "recall": 0.9831932773109243,
        "f1-score": 0.9915254237288135,
        "support": 119
    },
    "31": {
        "precision": 1.0,
        "recall": 1.0,
        "f1-score": 1.0,
        "support": 114
    },
    "32": {
        "precision": 0.984375,
        "recall": 0.984375,
        "f1-score": 0.984375,
        "support": 128
    },
    "33": {
        "precision": 0.9354838709677419,
        "recall": 0.9747899159663865,
        "f1-score": 0.9547325102880658,
        "support": 119
    },
    "34": {
        "precision": 0.9912280701754386,
        "recall": 0.9658119658119658,
        "f1-score": 0.9783549783549784,
        "support": 117
    },
    "35": {
        "precision": 0.991869918699187,
        "recall": 0.991869918699187,
        "f1-score": 0.991869918699187,
        "support": 123
    },
    "36": {
        "precision": 0.9923076923076923,
        "recall": 0.9923076923076923,
        "f1-score": 0.9923076923076923,
        "support": 130
    },
    "37": {
        "precision": 1.0,
        "recall": 0.971830985915493,
        "f1-score": 0.9857142857142858,
        "support": 142
    },
    "38": {
        "precision": 1.0,
        "recall": 0.9855072463768116,
        "f1-score": 0.9927007299270074,
        "support": 138
    },
    "39": {
        "precision": 1.0,
        "recall": 0.9612403100775194,
        "f1-score": 0.9802371541501977,
        "support": 129
    },
    "40": {
        "precision": 0.9848484848484849,
        "recall": 0.9923664122137404,
        "f1-score": 0.9885931558935361,
        "support": 131
    },
    "41": {
        "precision": 0.991304347826087,
        "recall": 0.8321167883211679,
        "f1-score": 0.9047619047619048,
        "support": 137
    },
    "42": {
        "precision": 1.0,
        "recall": 0.991304347826087,
        "f1-score": 0.9956331877729258,
        "support": 115
    },
    "43": {
        "precision": 0.9855072463768116,
        "recall": 0.9927007299270073,
        "f1-score": 0.9890909090909091,
        "support": 137
    },
    "44": {
        "precision": 1.0,
        "recall": 1.0,
        "f1-score": 1.0,
        "support": 119
    },
    "45": {
        "precision": 1.0,
        "recall": 0.9774436090225563,
        "f1-score": 0.988593155893536,
        "support": 133
    },
    "46": {
        "precision": 0.9712230215827338,
        "recall": 1.0,
        "f1-score": 0.9854014598540146,
        "support": 135
    },
    "47": {
        "precision": 1.0,
        "recall": 1.0,
        "f1-score": 1.0,
        "support": 123
    },
    "48": {
        "precision": 0.9624060150375939,
        "recall": 1.0,
        "f1-score": 0.9808429118773946,
        "support": 128
    },
    "49": {
        "precision": 1.0,
        "recall": 1.0,
        "f1-score": 1.0,
        "support": 133
    },
    "50": {
        "precision": 0.968503937007874,
        "recall": 0.984,
        "f1-score": 0.976190476190476,
        "support": 125
    },
    "51": {
        "precision": 1.0,
        "recall": 0.9928571428571429,
        "f1-score": 0.996415770609319,
        "support": 140
    },
    "52": {
        "precision": 0.9844961240310077,
        "recall": 0.9921875,
        "f1-score": 0.9883268482490272,
        "support": 128
    },
    "53": {
        "precision": 0.9915966386554622,