{
    "0": {
        "precision": 0.8928571428571429,
        "recall": 0.9328358208955224,
        "f1-score": 0.9124087591240876,
        "support": 134
    },
    "1": {
        "precision": 0.9632352941176471,
        "recall": 0.903448275862069,
        "f1-score": 0.9323843416370108,
        "support": 145
    },
    "2": {
        "precision": 0.9923076923076923,
        "recall": 0.9923076923076923,
        "f1-score": 0.9923076923076923,
        "support": 130
    },
    "3": {
        "precision": 0.984,
        "recall": 0.9919354838709677,
        "f1-score": 0.9879518072289156,
        "support": 124
    },
    "4": {
        "precision": 0.992,
        "recall": 0.992,
        "f1-score": 0.992,
        "support": 125
    },
    "5": {
        "precision": 0.972972972972973,
        "recall": 1.0,
        "f1-score": 0.9863013698630138,
        "support": 144
    },
    "6": {
        "precision": 0.9624060150375939,
        "recall": 1.0,
        "f1-score": 0.9808429118773946,
        "support": 128
    },
    "7": {
        "precision": 0.9658119658119658,
        "recall": 0.9826086956521739,
        "f1-score": 0.9741379310344828,
        "support": 115
    },
    "8": {
        "precision": 1.0,
        "recall": 0.8778625954198473,
        "f1-score": 0.9349593495934959,
        "support": 131
    },
    "9": {
        "precision": 1.0,
        "recall": 0.9708029197080292,
        "f1-score": 0.9851851851851852,
        "support": 137
    },
    "10": {
        "precision": 0.9609375,
        "recall": 0.9389312977099237,
        "f1-score": 0.9498069498069499,
        "support": 131
    },
    "11": {
        "precision": 0.9785714285714285,
        "recall": 0.9716312056737588,
        "f1-score": 0.9750889679715302,
        "support": 141
    },
    "12": {
        "precision": 0.9758064516129032,
        "recall": 0.9918032786885246,
        "f1-score": 0.983739837398374,
        "support": 122
    },
    "13": {
        "precision": 1.0,
        "recall": 0.9642857142857143,
        "f1-score": 0.9818181818181818,
        "support": 140
    },
    "14": {
        "precision": 1.0,
        "recall": 0.9448818897637795,
        "f1-score": 0.97165991902834,
        "support": 127
    },
    "15": {
        "precision": 0.9047619047619048,
        "recall": 0.9637681159420289,
        "f1-score": 0.9333333333333333,
        "support": 138
    },
    "16": {
        "precision": 0.9774436090225563,
        "recall": 0.9923664122137404,
        "f1-score": 0.9848484848484848,
        "support": 131
    },
    "17": {
        "precision": 0.984251968503937,
        "recall": 0.9689922480620154,
        "f1-score": 0.9765625,
        "support": 129
    },
    "18": {
        "precision": 0.9927007299270073,
        "recall": 1.0,
        "f1-score": 0.9963369963369962,
        "support": 136
    },
    "19": {
        "precision": 0.9923076923076923,
        "recall": 0.9772727272727273,
        "f1-score": 0.9847328244274809,
        "support": 132
    },
    "20": {
        "precision": 0.967741935483871,
        "recall": 0.9836065573770492,
        "f1-score": 0.975609756097561,
        "support": 122
    },
    "21": {
        "precision": 0.9541984732824428,
        "recall": 0.9615384615384616,
        "f1-score": 0.9578544061302683,
        "support": 130
    },
    "22": {
        "precision": 0.9586776859504132,
        "recall": 1.0,
        "f1-score": 0.9789029535864979,
        "support": 116
    },
    "23": {
        "precision": 1.0,
        "recall": 1.0,
        "f1-score": 1.0,
        "support": 124
    },
    "24": {
        "precision": 0.9224806201550387,
        "recall": 0.967479674796748,
        "f1-score": 0.9444444444444443,
        "support": 123
    },
    "25": {
        "precision": 0.9922480620155039,
        "recall": 0.9770992366412213,
        "f1-score": 0.9846153846153846,
        "support": 131
    },
    "26": {
        "precision": 1.0,
        "recall": 0.9699248120300752,
        "f1-score": 0.9847328244274809,
        "support": 133
    },
    "27": {
        "precision": 1.0,
        "recall": 0.9919354838709677,
        "f1-score": 0.9959514170040485,
        "support": 124
    },
    "28": {
        "precision": 0.9914529914529915,
        "recall": 0.9508196721311475,
        "f1-score": 0.9707112970711297,
        "support": 122
    },
    "29": {
        "precision": 0.9818181818181818,
        "recall": 0.9818181818181818,
        "f1-score": 0.9818181818181818,
        "support": 110
    },
    "30": {
        "precision": 1.0,
        "recall": 0.9915966386554622,
        "f1-score": 0.9957805907172996,
        "support": 119
    },
    "31": {
        "precision": 0.9912280701754386,
        "recall": 0.9912280701754386,
        "f1-score": 0.9912280701754386,
        "support": 114
    },
    "32": {
        "precision": 0.9692307692307692,
        "recall": 0.984375,
        "f1-score": 0.9767441860465116,
        "support": 128
    },
    "33": {
        "precision": 0.9583333333333334,
        "recall": 0.9663865546218487,
        "f1-score": 0.9623430962343097,
        "support": 119
    },
    "34": {
        "precision": 0.9669421487603306,
        "recall": 1.0,
        "f1-score": 0.9831932773109243,
        "support": 117
    },
    "35": {
        "precision": 0.9838709677419355,
        "recall": 0.991869918699187,
        "f1-score": 0.9878542510121457,
        "support": 123
    },
    "36": {
        "precision": 1.0,
        "recall": 0.9615384615384616,
        "f1-score": 0.9803921568627451,
        "support": 130
    },
    "37": {
        "precision": 1.0,
        "recall": 0.9507042253521126,
        "f1-score": 0.9747292418772564,
        "support": 142
    },
    "38": {
        "precision": 0.9927536231884058,
        "recall": 0.9927536231884058,
        "f1-score": 0.9927536231884058,
        "support": 138
    },
    "39": {
        "precision": 0.9923076923076923,
        "recall": 1.0,
        "f1-score": 0.9961389961389961,
        "support": 129
    },
    "40": {
        "precision": 0.9632352941176471,
        "recall": 1.0,
        "f1-score": 0.9812734082397003,
        "support": 131
    },
    "41": {
        "precision": 0.9925373134328358,
        "recall": 0.9708029197080292,
        "f1-score": 0.981549815498155,
        "support": 137
    },
    "42": {
        "precision": 1.0,
        "recall": 1.0,
        "f1-score": 1.0,
        "support": 115
    },
    "43": {
        "precision": 0.9856115107913669,
        "recall": 1.0,
        "f1-score": 0.9927536231884058,
        "support": 137
    },
    "44": {
        "precision": 0.9915254237288136,
        "recall": 0.9831932773109243,
        "f1-score": 0.9873417721518987,
        "support": 119
    },
    "45": {
        "precision": 1.0,
        "recall": 0.9849624060150376,
        "f1-score": 0.9924242424242424,
        "support": 133
    },
    "46": {
        "precision": 0.9708029197080292,
        "recall": 0.9851851851851852,
        "f1-score": 0.9779411764705882,
        "support": 135
    },
    "47": {
        "precision": 1.0,
        "recall": 1.0,
        "f1-score": 1.0,
        "support": 123
    },
    "48": {
        "precision": 0.9692307692307692,
        "recall": 0.984375,
        "f1-score": 0.9767441860465116,
        "support": 128
    },
    "49": {
        "precision": 0.9851851851851852,
        "recall": 1.0,
        "f1-score": 0.9925373134328358,
        "support": 133
    },
    "50": {
        "precision": 0.953125,
        "recall": 0.976,
        "f1-score": 0.9644268774703557,
        "support": 125
    },
    "51": {
        "precision": 0.9929078014184397,
        "recall": 1.0,
        "f1-score": 0.9964412811387899,
        "support": 140
    },
    "52": {
        "precision": 1.0,
        "recall": 0.984375,
        "f1-score": 0.9921259842519685,
        "support": 128
    },
    "53": {
        "precision": 0.9831932773109243,