{
    "0": {
        "precision": 0.8088235294117647,
        "recall": 0.8208955223880597,
        "f1-score": 0.8148148148148148,
        "support": 134
    },
    "1": {
        "precision": 0.8411764705882353,
        "recall": 0.9862068965517241,
        "f1-score": 0.9079365079365078,
        "support": 145
    },
    "2": {
        "precision": 0.968503937007874,
        "recall": 0.9461538461538461,
        "f1-score": 0.9571984435797665,
        "support": 130
    },
    "3": {
        "precision": 0.9354838709677419,
        "recall": 0.9354838709677419,
        "f1-score": 0.9354838709677419,
        "support": 124
    },
    "4": {
        "precision": 0.8785714285714286,
        "recall": 0.984,
        "f1-score": 0.9283018867924528,
        "support": 125
    },
    "5": {
        "precision": 0.8203592814371258,
        "recall": 0.9513888888888888,
        "f1-score": 0.8810289389067523,
        "support": 144
    },
    "6": {
        "precision": 0.8604651162790697,
        "recall": 0.8671875,
        "f1-score": 0.8638132295719845,
        "support": 128
    },
    "7": {
        "precision": 0.9,
        "recall": 0.9391304347826087,
        "f1-score": 0.9191489361702128,
        "support": 115
    },
    "8": {
        "precision": 0.8503401360544217,
        "recall": 0.9541984732824428,
        "f1-score": 0.8992805755395683,
        "support": 131
    },
    "9": {
        "precision": 0.8972602739726028,
        "recall": 0.9562043795620438,
        "f1-score": 0.9257950530035336,
        "support": 137
    },
    "10": {
        "precision": 0.6949152542372882,
        "recall": 0.9389312977099237,
        "f1-score": 0.7987012987012987,
        "support": 131
    },
    "11": {
        "precision": 0.8741721854304636,
        "recall": 0.9361702127659575,
        "f1-score": 0.9041095890410958,
        "support": 141
    },
    "12": {
        "precision": 0.8345323741007195,
        "recall": 0.9508196721311475,
        "f1-score": 0.888888888888889,
        "support": 122
    },
    "13": {
        "precision": 0.821656050955414,
        "recall": 0.9214285714285714,
        "f1-score": 0.8686868686868687,
        "support": 140
    },
    "14": {
        "precision": 0.8345323741007195,
        "recall": 0.9133858267716536,
        "f1-score": 0.8721804511278195,
        "support": 127
    },
    "15": {
        "precision": 0.8803418803418803,
        "recall": 0.7463768115942029,
        "f1-score": 0.807843137254902,
        "support": 138
    },
    "16": {
        "precision": 0.8888888888888888,
        "recall": 0.7938931297709924,
        "f1-score": 0.8387096774193549,
        "support": 131
    },
    "17": {
        "precision": 0.8865979381443299,
        "recall": 0.6666666666666666,
        "f1-score": 0.7610619469026548,
        "support": 129
    },
    "18": {
        "precision": 0.9473684210526315,
        "recall": 0.9264705882352942,
        "f1-score": 0.9368029739776952,
        "support": 136
    },
    "19": {
        "precision": 0.85,
        "recall": 0.7727272727272727,
        "f1-score": 0.8095238095238095,
        "support": 132
    },
    "20": {
        "precision": 0.9306930693069307,
        "recall": 0.7704918032786885,
        "f1-score": 0.8430493273542601,
        "support": 122
    },
    "21": {
        "precision": 0.816793893129771,
        "recall": 0.823076923076923,
        "f1-score": 0.8199233716475096,
        "support": 130
    },
    "22": {
        "precision": 0.8760330578512396,
        "recall": 0.9137931034482759,
        "f1-score": 0.8945147679324894,
        "support": 116
    },
    "23": {
        "precision": 0.9473684210526315,
        "recall": 0.8709677419354839,
        "f1-score": 0.9075630252100839,
        "support": 124
    },
    "24": {
        "precision": 0.9316239316239316,
        "recall": 0.8861788617886179,
        "f1-score": 0.9083333333333333,
        "support": 123
    },
    "25": {
        "precision": 0.8214285714285714,
        "recall": 0.8778625954198473,
        "f1-score": 0.8487084870848709,
        "support": 131
    },
    "26": {
        "precision": 0.9568965517241379,
        "recall": 0.8345864661654135,
        "f1-score": 0.891566265060241,
        "support": 133
    },
    "27": {
        "precision": 0.9747899159663865,
        "recall": 0.9354838709677419,
        "f1-score": 0.9547325102880658,
        "support": 124
    },
    "28": {
        "precision": 0.9340659340659341,
        "recall": 0.6967213114754098,
        "f1-score": 0.7981220657276995,
        "support": 122
    },
    "29": {
        "precision": 0.8818181818181818,
        "recall": 0.8818181818181818,
        "f1-score": 0.8818181818181818,
        "support": 110
    },
    "30": {
        "precision": 0.865546218487395,
        "recall": 0.865546218487395,
        "f1-score": 0.865546218487395,
        "support": 119
    },
    "31": {
        "precision": 0.9363636363636364,
        "recall": 0.9035087719298246,
        "f1-score": 0.9196428571428572,
        "support": 114
    },
    "32": {
        "precision": 0.8776978417266187,
        "recall": 0.953125,
        "f1-score": 0.9138576779026217,
        "support": 128
    },
    "33": {
        "precision": 0.8225806451612904,
        "recall": 0.8571428571428571,
        "f1-score": 0.8395061728395062,
        "support": 119
    },
    "34": {
        "precision": 0.7952755905511811,
        "recall": 0.8632478632478633,
        "f1-score": 0.8278688524590164,
        "support": 117
    },
    "35": {
        "precision": 0.9291338582677166,
        "recall": 0.959349593495935,
        "f1-score": 0.9440000000000001,
        "support": 123
    },
    "36": {
        "precision": 0.905511811023622,
        "recall": 0.8846153846153846,
        "f1-score": 0.8949416342412451,
        "support": 130
    },
    "37": {
        "precision": 0.8896551724137931,
        "recall": 0.9084507042253521,
        "f1-score": 0.8989547038327526,
        "support": 142
    },
    "38": {
        "precision": 0.8609271523178808,
        "recall": 0.9420289855072463,
        "f1-score": 0.8996539792387543,
        "support": 138
    },
    "39": {
        "precision": 0.8615384615384616,
        "recall": 0.8682170542635659,
        "f1-score": 0.8648648648648649,
        "support": 129
    },
    "40": {
        "precision": 0.9166666666666666,
        "recall": 0.9236641221374046,
        "f1-score": 0.9201520912547528,
        "support": 131
    },
    "41": {
        "precision": 0.9333333333333333,
        "recall": 0.8175182481751825,
        "f1-score": 0.8715953307392995,
        "support": 137
    },
    "42": {
        "precision": 0.9306930693069307,
        "recall": 0.8173913043478261,
        "f1-score": 0.8703703703703703,
        "support": 115
    },
    "43": {
        "precision": 0.9830508474576272,
        "recall": 0.8467153284671532,
        "f1-score": 0.9098039215686275,
        "support": 137
    },
    "44": {
        "precision": 0.859504132231405,
        "recall": 0.8739495798319328,
        "f1-score": 0.8666666666666667,
        "support": 119
    },
    "45": {
        "precision": 0.905511811023622,
        "recall": 0.8646616541353384,
        "f1-score": 0.8846153846153845,
        "support": 133
    },
    "46": {
        "precision": 0.8888888888888888,
        "recall": 0.8296296296296296,
        "f1-score": 0.8582375478927203,
        "support": 135
    },
    "47": {
        "precision": 0.975,
        "recall": 0.9512195121951219,
        "f1-score": 0.9629629629629629,
        "support": 123
    },
    "48": {
        "precision": 0.8769230769230769,
        "recall": 0.890625,
        "f1-score": 0.883720930232558,
        "support": 128
    },
    "49": {
        "precision": 0.9629629629629629,
        "recall": 0.9774436090225563,
        "f1-score": 0.9701492537313433,
        "support": 133
    },
    "50": {
        "precision": 0.8625954198473282,