{
    "0": {
        "precision": 0.9746835443037974,
        "recall": 0.9903536977491961,
        "f1-score": 0.9824561403508772,
        "support": 311
    },
    "1": {
        "precision": 0.9665271966527197,
        "recall": 0.9829787234042553,
        "f1-score": 0.9746835443037974,
        "support": 235
    },
    "2": {
        "precision": 0.9966666666666667,
        "recall": 0.9966666666666667,
        "f1-score": 0.9966666666666667,
        "support": 300
    },
    "3": {
        "precision": 0.9916317991631799,
        "recall": 0.9957983193277311,
        "f1-score": 0.9937106918238993,
        "support": 238
    },
    "4": {
        "precision": 1.0,
        "recall": 0.9935691318327974,
        "f1-score": 0.996774193548387,
        "support": 311
    },
    "5": {
        "precision": 0.9869706840390879,
        "recall": 0.9901960784313726,
        "f1-score": 0.9885807504078303,
        "support": 306
    },
    "6": {
        "precision": 1.0,
        "recall": 0.9828326180257511,
        "f1-score": 0.9913419913419913,
        "support": 233
    },
    "7": {
        "precision": 0.9900990099009901,
        "recall": 1.0,
        "f1-score": 0.9950248756218906,
        "support": 300
    },
    "8": {
        "precision": 1.0,
        "recall": 0.9609375,
        "f1-score": 0.9800796812749004,
        "support": 256
    },
    "9": {
        "precision": 0.9935064935064936,
        "recall": 0.9935064935064936,
        "f1-score": 0.9935064935064936,
        "support": 308
    },
    "10": {
        "precision": 0.9818840579710145,
        "recall": 1.0,
        "f1-score": 0.9908592321755028,
        "support": 271
    },
    "11": {
        "precision": 0.9711191335740073,
        "recall": 1.0,
        "f1-score": 0.9853479853479854,
        "support": 269
    },
    "12": {
        "precision": 1.0,
        "recall": 0.9845360824742269,
        "f1-score": 0.9922077922077922,
        "support": 194
    },
    "13": {
        "precision": 0.995850622406639,
        "recall": 0.9876543209876543,
        "f1-score": 0.9917355371900826,
        "support": 243
    },
    "14": {
        "precision": 0.9517543859649122,
        "recall": 0.9774774774774775,
        "f1-score": 0.9644444444444443,
        "support": 222
    },
    "15": {
        "precision": 0.970873786407767,
        "recall": 0.9554140127388535,
        "f1-score": 0.9630818619582665,
        "support": 314
    },
    "16": {
        "precision": 0.9931740614334471,
        "recall": 0.9931740614334471,
        "f1-score": 0.9931740614334471,
        "support": 293
    },
    "17": {
        "precision": 0.9875776397515528,
        "recall": 0.9968652037617555,
        "f1-score": 0.9921996879875196,
        "support": 319
    },
    "18": {
        "precision": 1.0,
        "recall": 1.0,
        "f1-score": 1.0,
        "support": 309
    },
    "19": {
        "precision": 0.9831649831649831,
        "recall": 1.0,
        "f1-score": 0.9915110356536503,
        "support": 292
    },
    "20": {
        "precision": 0.9761092150170648,
        "recall": 0.9930555555555556,
        "f1-score": 0.9845094664371772,
        "support": 288
    },
    "21": {
        "precision": 0.9900332225913622,
        "recall": 0.9770491803278688,
        "f1-score": 0.9834983498349835,
        "support": 305
    },
    "22": {
        "precision": 0.9965635738831615,
        "recall": 1.0,
        "f1-score": 0.9982788296041308,
        "support": 290
    },
    "23": {
        "precision": 0.9933774834437086,
        "recall": 1.0,
        "f1-score": 0.9966777408637874,
        "support": 300
    },
    "24": {
        "precision": 0.97,
        "recall": 0.9931740614334471,
        "f1-score": 0.9814502529510961,
        "support": 293
    },
    "25": {
        "precision": 0.9862542955326461,
        "recall": 0.9965277777777778,
        "f1-score": 0.991364421416235,
        "support": 288
    },
    "26": {
        "precision": 0.9779874213836478,
        "recall": 0.9873015873015873,
        "f1-score": 0.9826224328593998,
        "support": 315
    },
    "27": {
        "precision": 0.996875,
        "recall": 1.0,
        "f1-score": 0.9984350547730829,
        "support": 319
    },
    "28": {
        "precision": 0.9808306709265175,
        "recall": 0.9903225806451613,
        "f1-score": 0.9855537720706261,
        "support": 310
    },
    "29": {
        "precision": 0.9966442953020134,
        "recall": 0.9966442953020134,
        "f1-score": 0.9966442953020134,
        "support": 298
    },
    "30": {
        "precision": 1.0,
        "recall": 0.9966216216216216,
        "f1-score": 0.9983079526226735,
        "support": 296
    },
    "31": {
        "precision": 1.0,
        "recall": 0.9966329966329966,
        "f1-score": 0.9983136593591906,
        "support": 297
    },
    "32": {
        "precision": 1.0,
        "recall": 0.9935064935064936,
        "f1-score": 0.9967426710097721,
        "support": 308
    },
    "33": {
        "precision": 0.9801324503311258,
        "recall": 0.9801324503311258,
        "f1-score": 0.9801324503311258,
        "support": 302
    },
    "34": {
        "precision": 0.9709090909090909,
        "recall": 0.9925650557620818,
        "f1-score": 0.9816176470588236,
        "support": 269
    },
    "35": {
        "precision": 1.0,
        "recall": 1.0,
        "f1-score": 1.0,
        "support": 299
    },
    "36": {
        "precision": 1.0,
        "recall": 0.9929328621908127,
        "f1-score": 0.9964539007092198,
        "support": 283
    },
    "37": {
        "precision": 1.0,
        "recall": 0.9501661129568106,
        "f1-score": 0.9744463373083475,
        "support": 301
    },
    "38": {
        "precision": 1.0,
        "recall": 0.9965397923875432,
        "f1-score": 0.9982668977469671,
        "support": 289
    },
    "39": {
        "precision": 1.0,
        "recall": 0.979933110367893,
        "f1-score": 0.9898648648648649,
        "support": 299
    },
    "40": {
        "precision": 0.9964285714285714,
        "recall": 1.0,
        "f1-score": 0.998211091234347,
        "support": 279
    },
    "41": {
        "precision": 0.98989898989899,
        "recall": 0.98,
        "f1-score": 0.9849246231155778,
        "support": 300
    },
    "42": {
        "precision": 0.9937694704049844,
        "recall": 1.0,
        "f1-score": 0.996875,
        "support": 319
    },
    "43": {
        "precision": 1.0,
        "recall": 1.0,
        "f1-score": 1.0,
        "support": 304
    },
    "44": {
        "precision": 0.9963369963369964,
        "recall": 0.9963369963369964,
        "f1-score": 0.9963369963369964,
        "support": 273
    },
    "45": {
        "precision": 0.9791044776119403,
        "recall": 0.9969604863221885,
        "f1-score": 0.9879518072289157,
        "support": 329
    },
    "46": {
        "precision": 0.9862542955326461,
        "recall": 0.9862542955326461,
        "f1-score": 0.9862542955326461,
        "support": 291
    },
    "47": {
        "precision": 0.9967213114754099,
        "recall": 1.0,
        "f1-score": 0.9983579638752053,
        "support": 304
    },
    "48": {
        "precision": 0.9967320261437909,
        "recall": 0.993485342019544,
        "f1-score": 0.9951060358890701,
        "support": 307
    },
    "49": {
        "precision": 0.9858156028368794,
        "recall": 1.0,
        "f1-score": 0.9928571428571429,
        "support": 278
    },
    "50": {
        "precision": 0.9966442953020134,
        "recall": 0.9966442953020134,
        "f1-score": 0.9966442953020134,
        "support": 298
    },
    "51": {
        "precision": 0.9934640522875817,
        "recall": 0.9967213114754099,
        "f1-score": 0.9950900163666122,
        "support": 305
    },
    "52": {
        "precision": 0.993485342019544,
        "recall": 1.0,
        "f1-score": 0.9967320261437909,
        "support": 305
    },