{
    "0": {
        "precision": 0.8266666666666667,
        "recall": 0.9253731343283582,
        "f1-score": 0.8732394366197183,
        "support": 134
    },
    "1": {
        "precision": 0.9885057471264368,
        "recall": 0.593103448275862,
        "f1-score": 0.7413793103448276,
        "support": 145
    },
    "2": {
        "precision": 0.9774436090225563,
        "recall": 1.0,
        "f1-score": 0.988593155893536,
        "support": 130
    },
    "3": {
        "precision": 0.9763779527559056,
        "recall": 1.0,
        "f1-score": 0.9880478087649402,
        "support": 124
    },
    "4": {
        "precision": 0.984251968503937,
        "recall": 1.0,
        "f1-score": 0.9920634920634921,
        "support": 125
    },
    "5": {
        "precision": 0.993006993006993,
        "recall": 0.9861111111111112,
        "f1-score": 0.9895470383275262,
        "support": 144
    },
    "6": {
        "precision": 1.0,
        "recall": 0.890625,
        "f1-score": 0.9421487603305785,
        "support": 128
    },
    "7": {
        "precision": 0.991304347826087,
        "recall": 0.991304347826087,
        "f1-score": 0.991304347826087,
        "support": 115
    },
    "8": {
        "precision": 0.9772727272727273,
        "recall": 0.9847328244274809,
        "f1-score": 0.9809885931558935,
        "support": 131
    },
    "9": {
        "precision": 0.9642857142857143,
        "recall": 0.9854014598540146,
        "f1-score": 0.9747292418772563,
        "support": 137
    },
    "10": {
        "precision": 0.9774436090225563,
        "recall": 0.9923664122137404,
        "f1-score": 0.9848484848484848,
        "support": 131
    },
    "11": {
        "precision": 1.0,
        "recall": 0.9574468085106383,
        "f1-score": 0.9782608695652174,
        "support": 141
    },
    "12": {
        "precision": 0.9836065573770492,
        "recall": 0.9836065573770492,
        "f1-score": 0.9836065573770492,
        "support": 122
    },
    "13": {
        "precision": 0.9859154929577465,
        "recall": 1.0,
        "f1-score": 0.9929078014184397,
        "support": 140
    },
    "14": {
        "precision": 0.9609375,
        "recall": 0.968503937007874,
        "f1-score": 0.9647058823529412,
        "support": 127
    },
    "15": {
        "precision": 0.655367231638418,
        "recall": 0.8405797101449275,
        "f1-score": 0.7365079365079366,
        "support": 138
    },
    "16": {
        "precision": 0.9922480620155039,
        "recall": 0.9770992366412213,
        "f1-score": 0.9846153846153846,
        "support": 131
    },
    "17": {
        "precision": 0.8758620689655172,
        "recall": 0.9844961240310077,
        "f1-score": 0.927007299270073,
        "support": 129
    },
    "18": {
        "precision": 1.0,
        "recall": 0.9558823529411765,
        "f1-score": 0.9774436090225563,
        "support": 136
    },
    "19": {
        "precision": 0.9629629629629629,
        "recall": 0.9848484848484849,
        "f1-score": 0.9737827715355806,
        "support": 132
    },
    "20": {
        "precision": 0.8187919463087249,
        "recall": 1.0,
        "f1-score": 0.900369003690037,
        "support": 122
    },
    "21": {
        "precision": 0.9407407407407408,
        "recall": 0.9769230769230769,
        "f1-score": 0.9584905660377359,
        "support": 130
    },
    "22": {
        "precision": 1.0,
        "recall": 0.9827586206896551,
        "f1-score": 0.9913043478260869,
        "support": 116
    },
    "23": {
        "precision": 0.984,
        "recall": 0.9919354838709677,
        "f1-score": 0.9879518072289156,
        "support": 124
    },
    "24": {
        "precision": 0.967741935483871,
        "recall": 0.975609756097561,
        "f1-score": 0.97165991902834,
        "support": 123
    },
    "25": {
        "precision": 0.9347826086956522,
        "recall": 0.9847328244274809,
        "f1-score": 0.9591078066914499,
        "support": 131
    },
    "26": {
        "precision": 0.8888888888888888,
        "recall": 0.9624060150375939,
        "f1-score": 0.924187725631769,
        "support": 133
    },
    "27": {
        "precision": 0.9763779527559056,
        "recall": 1.0,
        "f1-score": 0.9880478087649402,
        "support": 124
    },
    "28": {
        "precision": 0.9296875,
        "recall": 0.9754098360655737,
        "f1-score": 0.9520000000000001,
        "support": 122
    },
    "29": {
        "precision": 1.0,
        "recall": 0.9636363636363636,
        "f1-score": 0.9814814814814815,
        "support": 110
    },
    "30": {
        "precision": 1.0,
        "recall": 0.865546218487395,
        "f1-score": 0.927927927927928,
        "support": 119
    },
    "31": {
        "precision": 1.0,
        "recall": 0.9824561403508771,
        "f1-score": 0.9911504424778761,
        "support": 114
    },
    "32": {
        "precision": 0.9545454545454546,
        "recall": 0.984375,
        "f1-score": 0.9692307692307692,
        "support": 128
    },
    "33": {
        "precision": 0.9891304347826086,
        "recall": 0.7647058823529411,
        "f1-score": 0.8625592417061612,
        "support": 119
    },
    "34": {
        "precision": 0.9910714285714286,
        "recall": 0.9487179487179487,
        "f1-score": 0.9694323144104804,
        "support": 117
    },
    "35": {
        "precision": 0.9838709677419355,
        "recall": 0.991869918699187,
        "f1-score": 0.9878542510121457,
        "support": 123
    },
    "36": {
        "precision": 1.0,
        "recall": 0.9769230769230769,
        "f1-score": 0.9883268482490272,
        "support": 130
    },
    "37": {
        "precision": 1.0,
        "recall": 0.971830985915493,
        "f1-score": 0.9857142857142858,
        "support": 142
    },
    "38": {
        "precision": 1.0,
        "recall": 0.9420289855072463,
        "f1-score": 0.9701492537313433,
        "support": 138
    },
    "39": {
        "precision": 1.0,
        "recall": 0.8294573643410853,
        "f1-score": 0.9067796610169491,
        "support": 129
    },
    "40": {
        "precision": 0.9846153846153847,
        "recall": 0.9770992366412213,
        "f1-score": 0.9808429118773947,
        "support": 131
    },
    "41": {
        "precision": 0.9848484848484849,
        "recall": 0.948905109489051,
        "f1-score": 0.966542750929368,
        "support": 137
    },
    "42": {
        "precision": 0.9829059829059829,
        "recall": 1.0,
        "f1-score": 0.9913793103448275,
        "support": 115
    },
    "43": {
        "precision": 0.9716312056737588,
        "recall": 1.0,
        "f1-score": 0.9856115107913669,
        "support": 137
    },
    "44": {
        "precision": 1.0,
        "recall": 1.0,
        "f1-score": 1.0,
        "support": 119
    },
    "45": {
        "precision": 1.0,
        "recall": 0.9849624060150376,
        "f1-score": 0.9924242424242424,
        "support": 133
    },
    "46": {
        "precision": 0.9640287769784173,
        "recall": 0.9925925925925926,
        "f1-score": 0.9781021897810218,
        "support": 135
    },
    "47": {
        "precision": 0.984,
        "recall": 1.0,
        "f1-score": 0.9919354838709677,
        "support": 123
    },
    "48": {
        "precision": 0.9922480620155039,
        "recall": 1.0,
        "f1-score": 0.9961089494163424,
        "support": 128
    },
    "49": {
        "precision": 1.0,
        "recall": 0.9774436090225563,
        "f1-score": 0.988593155893536,
        "support": 133
    },
    "50": {
        "precision": 0.9836065573770492,
        "recall": 0.96,
        "f1-score": 0.97165991902834,
        "support": 125
    },
    "51": {
        "precision": 0.9929078014184397,
        "recall": 1.0,
        "f1-score": 0.9964412811387899,
        "support": 140
    },
    "52": {
        "precision": 0.9846153846153847,
        "recall": 1.0,
        "f1-score": 0.9922480620155039,