{
    "0": {
        "precision": 0.900709219858156,
        "recall": 0.9477611940298507,
        "f1-score": 0.9236363636363636,
        "support": 134
    },
    "1": {
        "precision": 0.9395973154362416,
        "recall": 0.9655172413793104,
        "f1-score": 0.9523809523809523,
        "support": 145
    },
    "2": {
        "precision": 0.9485294117647058,
        "recall": 0.9923076923076923,
        "f1-score": 0.9699248120300752,
        "support": 130
    },
    "3": {
        "precision": 0.9833333333333333,
        "recall": 0.9516129032258065,
        "f1-score": 0.9672131147540983,
        "support": 124
    },
    "4": {
        "precision": 0.992,
        "recall": 0.992,
        "f1-score": 0.992,
        "support": 125
    },
    "5": {
        "precision": 1.0,
        "recall": 0.9791666666666666,
        "f1-score": 0.9894736842105264,
        "support": 144
    },
    "6": {
        "precision": 0.9618320610687023,
        "recall": 0.984375,
        "f1-score": 0.9729729729729729,
        "support": 128
    },
    "7": {
        "precision": 0.9126984126984127,
        "recall": 1.0,
        "f1-score": 0.9543568464730291,
        "support": 115
    },
    "8": {
        "precision": 0.9921259842519685,
        "recall": 0.9618320610687023,
        "f1-score": 0.9767441860465117,
        "support": 131
    },
    "9": {
        "precision": 0.9784172661870504,
        "recall": 0.9927007299270073,
        "f1-score": 0.9855072463768116,
        "support": 137
    },
    "10": {
        "precision": 0.9097222222222222,
        "recall": 1.0,
        "f1-score": 0.9527272727272726,
        "support": 131
    },
    "11": {
        "precision": 0.972027972027972,
        "recall": 0.9858156028368794,
        "f1-score": 0.9788732394366197,
        "support": 141
    },
    "12": {
        "precision": 0.9834710743801653,
        "recall": 0.9754098360655737,
        "f1-score": 0.9794238683127573,
        "support": 122
    },
    "13": {
        "precision": 0.9857142857142858,
        "recall": 0.9857142857142858,
        "f1-score": 0.9857142857142858,
        "support": 140
    },
    "14": {
        "precision": 0.9918032786885246,
        "recall": 0.952755905511811,
        "f1-score": 0.9718875502008032,
        "support": 127
    },
    "15": {
        "precision": 0.9621212121212122,
        "recall": 0.9202898550724637,
        "f1-score": 0.9407407407407408,
        "support": 138
    },
    "16": {
        "precision": 0.9765625,
        "recall": 0.9541984732824428,
        "f1-score": 0.9652509652509652,
        "support": 131
    },
    "17": {
        "precision": 0.9148936170212766,
        "recall": 1.0,
        "f1-score": 0.9555555555555556,
        "support": 129
    },
    "18": {
        "precision": 1.0,
        "recall": 0.9779411764705882,
        "f1-score": 0.9888475836431226,
        "support": 136
    },
    "19": {
        "precision": 0.9846153846153847,
        "recall": 0.9696969696969697,
        "f1-score": 0.9770992366412214,
        "support": 132
    },
    "20": {
        "precision": 0.9583333333333334,
        "recall": 0.9426229508196722,
        "f1-score": 0.950413223140496,
        "support": 122
    },
    "21": {
        "precision": 0.9477611940298507,
        "recall": 0.9769230769230769,
        "f1-score": 0.962121212121212,
        "support": 130
    },
    "22": {
        "precision": 0.991304347826087,
        "recall": 0.9827586206896551,
        "f1-score": 0.9870129870129869,
        "support": 116
    },
    "23": {
        "precision": 0.9612403100775194,
        "recall": 1.0,
        "f1-score": 0.9802371541501977,
        "support": 124
    },
    "24": {
        "precision": 1.0,
        "recall": 0.926829268292683,
        "f1-score": 0.9620253164556963,
        "support": 123
    },
    "25": {
        "precision": 0.9922480620155039,
        "recall": 0.9770992366412213,
        "f1-score": 0.9846153846153846,
        "support": 131
    },
    "26": {
        "precision": 1.0,
        "recall": 0.9924812030075187,
        "f1-score": 0.9962264150943396,
        "support": 133
    },
    "27": {
        "precision": 0.991869918699187,
        "recall": 0.9838709677419355,
        "f1-score": 0.9878542510121457,
        "support": 124
    },
    "28": {
        "precision": 0.9596774193548387,
        "recall": 0.9754098360655737,
        "f1-score": 0.9674796747967479,
        "support": 122
    },
    "29": {
        "precision": 0.9646017699115044,
        "recall": 0.990909090909091,
        "f1-score": 0.9775784753363229,
        "support": 110
    },
    "30": {
        "precision": 1.0,
        "recall": 0.9747899159663865,
        "f1-score": 0.9872340425531915,
        "support": 119
    },
    "31": {
        "precision": 0.9912280701754386,
        "recall": 0.9912280701754386,
        "f1-score": 0.9912280701754386,
        "support": 114
    },
    "32": {
        "precision": 0.9920634920634921,
        "recall": 0.9765625,
        "f1-score": 0.9842519685039369,
        "support": 128
    },
    "33": {
        "precision": 0.9572649572649573,
        "recall": 0.9411764705882353,
        "f1-score": 0.9491525423728814,
        "support": 119
    },
    "34": {
        "precision": 0.9831932773109243,
        "recall": 1.0,
        "f1-score": 0.9915254237288135,
        "support": 117
    },
    "35": {
        "precision": 0.9836065573770492,
        "recall": 0.975609756097561,
        "f1-score": 0.9795918367346939,
        "support": 123
    },
    "36": {
        "precision": 0.9770992366412213,
        "recall": 0.9846153846153847,
        "f1-score": 0.9808429118773947,
        "support": 130
    },
    "37": {
        "precision": 0.9929577464788732,
        "recall": 0.9929577464788732,
        "f1-score": 0.9929577464788732,
        "support": 142
    },
    "38": {
        "precision": 0.9785714285714285,
        "recall": 0.9927536231884058,
        "f1-score": 0.9856115107913668,
        "support": 138
    },
    "39": {
        "precision": 1.0,
        "recall": 1.0,
        "f1-score": 1.0,
        "support": 129
    },
    "40": {
        "precision": 0.9776119402985075,
        "recall": 1.0,
        "f1-score": 0.9886792452830189,
        "support": 131
    },
    "41": {
        "precision": 0.9854014598540146,
        "recall": 0.9854014598540146,
        "f1-score": 0.9854014598540146,
        "support": 137
    },
    "42": {
        "precision": 1.0,
        "recall": 1.0,
        "f1-score": 1.0,
        "support": 115
    },
    "43": {
        "precision": 1.0,
        "recall": 0.9927007299270073,
        "f1-score": 0.9963369963369962,
        "support": 137
    },
    "44": {
        "precision": 0.9833333333333333,
        "recall": 0.9915966386554622,
        "f1-score": 0.9874476987447698,
        "support": 119
    },
    "45": {
        "precision": 1.0,
        "recall": 0.9924812030075187,
        "f1-score": 0.9962264150943396,
        "support": 133
    },
    "46": {
        "precision": 0.9849624060150376,
        "recall": 0.9703703703703703,
        "f1-score": 0.9776119402985074,
        "support": 135
    },
    "47": {
        "precision": 1.0,
        "recall": 1.0,
        "f1-score": 1.0,
        "support": 123
    },
    "48": {
        "precision": 0.9920634920634921,
        "recall": 0.9765625,
        "f1-score": 0.9842519685039369,
        "support": 128
    },
    "49": {
        "precision": 1.0,
        "recall": 1.0,
        "f1-score": 1.0,
        "support": 133
    },
    "50": {
        "precision": 0.967479674796748,
        "recall": 0.952,
        "f1-score": 0.9596774193548387,
        "support": 125
    },
    "51": {
        "precision": 1.0,
        "recall": 0.9714285714285714,
        "f1-score": 0.9855072463768115,
        "support": 140
    },
    "52": {
        "precision": 0.9922480620155039,
        "recall": 1.0,
        "f1-score": 0.9961089494163424,