{
    "0": {
        "precision": 0.8955223880597015,
        "recall": 0.8955223880597015,
        "f1-score": 0.8955223880597015,
        "support": 134
    },
    "1": {
        "precision": 0.8944099378881988,
        "recall": 0.993103448275862,
        "f1-score": 0.9411764705882353,
        "support": 145
    },
    "2": {
        "precision": 0.9481481481481482,
        "recall": 0.9846153846153847,
        "f1-score": 0.9660377358490566,
        "support": 130
    },
    "3": {
        "precision": 0.9453125,
        "recall": 0.9758064516129032,
        "f1-score": 0.9603174603174603,
        "support": 124
    },
    "4": {
        "precision": 0.9465648854961832,
        "recall": 0.992,
        "f1-score": 0.96875,
        "support": 125
    },
    "5": {
        "precision": 0.9455782312925171,
        "recall": 0.9652777777777778,
        "f1-score": 0.9553264604810997,
        "support": 144
    },
    "6": {
        "precision": 0.9172932330827067,
        "recall": 0.953125,
        "f1-score": 0.9348659003831417,
        "support": 128
    },
    "7": {
        "precision": 0.95,
        "recall": 0.991304347826087,
        "f1-score": 0.9702127659574469,
        "support": 115
    },
    "8": {
        "precision": 0.9253731343283582,
        "recall": 0.9465648854961832,
        "f1-score": 0.9358490566037737,
        "support": 131
    },
    "9": {
        "precision": 0.9640287769784173,
        "recall": 0.9781021897810219,
        "f1-score": 0.9710144927536232,
        "support": 137
    },
    "10": {
        "precision": 0.8113207547169812,
        "recall": 0.9847328244274809,
        "f1-score": 0.8896551724137931,
        "support": 131
    },
    "11": {
        "precision": 0.9315068493150684,
        "recall": 0.9645390070921985,
        "f1-score": 0.9477351916376308,
        "support": 141
    },
    "12": {
        "precision": 0.9302325581395349,
        "recall": 0.9836065573770492,
        "f1-score": 0.9561752988047808,
        "support": 122
    },
    "13": {
        "precision": 0.9856115107913669,
        "recall": 0.9785714285714285,
        "f1-score": 0.9820788530465949,
        "support": 140
    },
    "14": {
        "precision": 0.9389312977099237,
        "recall": 0.968503937007874,
        "f1-score": 0.9534883720930233,
        "support": 127
    },
    "15": {
        "precision": 0.9230769230769231,
        "recall": 0.8695652173913043,
        "f1-score": 0.8955223880597014,
        "support": 138
    },
    "16": {
        "precision": 0.9831932773109243,
        "recall": 0.8931297709923665,
        "f1-score": 0.9359999999999999,
        "support": 131
    },
    "17": {
        "precision": 0.9421487603305785,
        "recall": 0.8837209302325582,
        "f1-score": 0.9119999999999999,
        "support": 129
    },
    "18": {
        "precision": 0.9774436090225563,
        "recall": 0.9558823529411765,
        "f1-score": 0.966542750929368,
        "support": 136
    },
    "19": {
        "precision": 0.984,
        "recall": 0.9318181818181818,
        "f1-score": 0.9571984435797666,
        "support": 132
    },
    "20": {
        "precision": 0.9478260869565217,
        "recall": 0.8934426229508197,
        "f1-score": 0.9198312236286921,
        "support": 122
    },
    "21": {
        "precision": 0.921875,
        "recall": 0.9076923076923077,
        "f1-score": 0.9147286821705427,
        "support": 130
    },
    "22": {
        "precision": 0.9821428571428571,
        "recall": 0.9482758620689655,
        "f1-score": 0.9649122807017544,
        "support": 116
    },
    "23": {
        "precision": 0.9754098360655737,
        "recall": 0.9596774193548387,
        "f1-score": 0.9674796747967479,
        "support": 124
    },
    "24": {
        "precision": 0.9743589743589743,
        "recall": 0.926829268292683,
        "f1-score": 0.9500000000000001,
        "support": 123
    },
    "25": {
        "precision": 0.96,
        "recall": 0.916030534351145,
        "f1-score": 0.9375,
        "support": 131
    },
    "26": {
        "precision": 0.9769230769230769,
        "recall": 0.9548872180451128,
        "f1-score": 0.9657794676806083,
        "support": 133
    },
    "27": {
        "precision": 0.9609375,
        "recall": 0.9919354838709677,
        "f1-score": 0.9761904761904763,
        "support": 124
    },
    "28": {
        "precision": 0.9473684210526315,
        "recall": 0.8852459016393442,
        "f1-score": 0.9152542372881356,
        "support": 122
    },
    "29": {
        "precision": 0.9363636363636364,
        "recall": 0.9363636363636364,
        "f1-score": 0.9363636363636364,
        "support": 110
    },
    "30": {
        "precision": 0.9826086956521739,
        "recall": 0.9495798319327731,
        "f1-score": 0.9658119658119659,
        "support": 119
    },
    "31": {
        "precision": 0.9658119658119658,
        "recall": 0.9912280701754386,
        "f1-score": 0.9783549783549784,
        "support": 114
    },
    "32": {
        "precision": 0.952755905511811,
        "recall": 0.9453125,
        "f1-score": 0.9490196078431371,
        "support": 128
    },
    "33": {
        "precision": 0.8769230769230769,
        "recall": 0.957983193277311,
        "f1-score": 0.9156626506024096,
        "support": 119
    },
    "34": {
        "precision": 0.9193548387096774,
        "recall": 0.9743589743589743,
        "f1-score": 0.946058091286307,
        "support": 117
    },
    "35": {
        "precision": 0.9838709677419355,
        "recall": 0.991869918699187,
        "f1-score": 0.9878542510121457,
        "support": 123
    },
    "36": {
        "precision": 0.9541984732824428,
        "recall": 0.9615384615384616,
        "f1-score": 0.9578544061302683,
        "support": 130
    },
    "37": {
        "precision": 0.9513888888888888,
        "recall": 0.9647887323943662,
        "f1-score": 0.9580419580419581,
        "support": 142
    },
    "38": {
        "precision": 0.9366197183098591,
        "recall": 0.9637681159420289,
        "f1-score": 0.95,
        "support": 138
    },
    "39": {
        "precision": 0.9834710743801653,
        "recall": 0.9224806201550387,
        "f1-score": 0.9520000000000001,
        "support": 129
    },
    "40": {
        "precision": 0.9492753623188406,
        "recall": 1.0,
        "f1-score": 0.9739776951672863,
        "support": 131
    },
    "41": {
        "precision": 0.9420289855072463,
        "recall": 0.948905109489051,
        "f1-score": 0.9454545454545454,
        "support": 137
    },
    "42": {
        "precision": 0.9910714285714286,
        "recall": 0.9652173913043478,
        "f1-score": 0.9779735682819383,
        "support": 115
    },
    "43": {
        "precision": 0.9923664122137404,
        "recall": 0.948905109489051,
        "f1-score": 0.9701492537313432,
        "support": 137
    },
    "44": {
        "precision": 0.92,
        "recall": 0.9663865546218487,
        "f1-score": 0.9426229508196722,
        "support": 119
    },
    "45": {
        "precision": 1.0,
        "recall": 0.9398496240601504,
        "f1-score": 0.9689922480620156,
        "support": 133
    },
    "46": {
        "precision": 0.9699248120300752,
        "recall": 0.9555555555555556,
        "f1-score": 0.9626865671641791,
        "support": 135
    },
    "47": {
        "precision": 1.0,
        "recall": 0.991869918699187,
        "f1-score": 0.9959183673469388,
        "support": 123
    },
    "48": {
        "precision": 0.9473684210526315,
        "recall": 0.984375,
        "f1-score": 0.9655172413793104,
        "support": 128
    },
    "49": {
        "precision": 0.9925373134328358,
        "recall": 1.0,
        "f1-score": 0.9962546816479401,
        "support": 133
    },
    "50": {
        "precision": 0.8978102189781022,
        "recall": 0.984,
        "f1-score": 0.9389312977099237,
        "support": 125
    },