{
    "0": {
        "precision": 0.873900293255132,
        "recall": 0.9581993569131833,
        "f1-score": 0.9141104294478528,
        "support": 311
    },
    "1": {
        "precision": 0.9508196721311475,
        "recall": 0.9872340425531915,
        "f1-score": 0.9686847599164927,
        "support": 235
    },
    "2": {
        "precision": 0.980327868852459,
        "recall": 0.9966666666666667,
        "f1-score": 0.9884297520661156,
        "support": 300
    },
    "3": {
        "precision": 0.9754098360655737,
        "recall": 1.0,
        "f1-score": 0.9875518672199171,
        "support": 238
    },
    "4": {
        "precision": 1.0,
        "recall": 1.0,
        "f1-score": 1.0,
        "support": 311
    },
    "5": {
        "precision": 0.9869281045751634,
        "recall": 0.9869281045751634,
        "f1-score": 0.9869281045751634,
        "support": 306
    },
    "6": {
        "precision": 0.9830508474576272,
        "recall": 0.9957081545064378,
        "f1-score": 0.9893390191897654,
        "support": 233
    },
    "7": {
        "precision": 0.9675324675324676,
        "recall": 0.9933333333333333,
        "f1-score": 0.9802631578947368,
        "support": 300
    },
    "8": {
        "precision": 0.9367588932806324,
        "recall": 0.92578125,
        "f1-score": 0.9312377210216111,
        "support": 256
    },
    "9": {
        "precision": 0.9611650485436893,
        "recall": 0.9642857142857143,
        "f1-score": 0.9627228525121555,
        "support": 308
    },
    "10": {
        "precision": 0.9278350515463918,
        "recall": 0.996309963099631,
        "f1-score": 0.9608540925266904,
        "support": 271
    },
    "11": {
        "precision": 0.9572953736654805,
        "recall": 1.0,
        "f1-score": 0.9781818181818182,
        "support": 269
    },
    "12": {
        "precision": 0.9847715736040609,
        "recall": 1.0,
        "f1-score": 0.9923273657289001,
        "support": 194
    },
    "13": {
        "precision": 0.9835390946502057,
        "recall": 0.9835390946502057,
        "f1-score": 0.9835390946502057,
        "support": 243
    },
    "14": {
        "precision": 0.9279661016949152,
        "recall": 0.9864864864864865,
        "f1-score": 0.9563318777292577,
        "support": 222
    },
    "15": {
        "precision": 0.9207317073170732,
        "recall": 0.9617834394904459,
        "f1-score": 0.940809968847352,
        "support": 314
    },
    "16": {
        "precision": 0.9965156794425087,
        "recall": 0.9761092150170648,
        "f1-score": 0.986206896551724,
        "support": 293
    },
    "17": {
        "precision": 0.990625,
        "recall": 0.9937304075235109,
        "f1-score": 0.9921752738654148,
        "support": 319
    },
    "18": {
        "precision": 0.9903846153846154,
        "recall": 1.0,
        "f1-score": 0.9951690821256038,
        "support": 309
    },
    "19": {
        "precision": 0.9965635738831615,
        "recall": 0.9931506849315068,
        "f1-score": 0.9948542024013721,
        "support": 292
    },
    "20": {
        "precision": 0.9757785467128027,
        "recall": 0.9791666666666666,
        "f1-score": 0.9774696707105719,
        "support": 288
    },
    "21": {
        "precision": 0.9869706840390879,
        "recall": 0.9934426229508196,
        "f1-score": 0.9901960784313726,
        "support": 305
    },
    "22": {
        "precision": 1.0,
        "recall": 0.996551724137931,
        "f1-score": 0.9982728842832469,
        "support": 290
    },
    "23": {
        "precision": 0.9966555183946488,
        "recall": 0.9933333333333333,
        "f1-score": 0.9949916527545909,
        "support": 300
    },
    "24": {
        "precision": 1.0,
        "recall": 0.9522184300341296,
        "f1-score": 0.9755244755244755,
        "support": 293
    },
    "25": {
        "precision": 0.9857142857142858,
        "recall": 0.9583333333333334,
        "f1-score": 0.971830985915493,
        "support": 288
    },
    "26": {
        "precision": 0.9935275080906149,
        "recall": 0.9746031746031746,
        "f1-score": 0.983974358974359,
        "support": 315
    },
    "27": {
        "precision": 0.9902912621359223,
        "recall": 0.9592476489028213,
        "f1-score": 0.9745222929936307,
        "support": 319
    },
    "28": {
        "precision": 0.9648562300319489,
        "recall": 0.9741935483870968,
        "f1-score": 0.9695024077046549,
        "support": 310
    },
    "29": {
        "precision": 0.9341692789968652,
        "recall": 1.0,
        "f1-score": 0.965964343598055,
        "support": 298
    },
    "30": {
        "precision": 0.9932659932659933,
        "recall": 0.9966216216216216,
        "f1-score": 0.9949409780775715,
        "support": 296
    },
    "31": {
        "precision": 1.0,
        "recall": 0.9966329966329966,
        "f1-score": 0.9983136593591906,
        "support": 297
    },
    "32": {
        "precision": 0.9903225806451613,
        "recall": 0.9967532467532467,
        "f1-score": 0.993527508090615,
        "support": 308
    },
    "33": {
        "precision": 0.9865319865319865,
        "recall": 0.9701986754966887,
        "f1-score": 0.9782971619365608,
        "support": 302
    },
    "34": {
        "precision": 0.9887640449438202,
        "recall": 0.9814126394052045,
        "f1-score": 0.9850746268656717,
        "support": 269
    },
    "35": {
        "precision": 0.9966666666666667,
        "recall": 1.0,
        "f1-score": 0.9983305509181971,
        "support": 299
    },
    "36": {
        "precision": 0.9929824561403509,
        "recall": 1.0,
        "f1-score": 0.9964788732394366,
        "support": 283
    },
    "37": {
        "precision": 0.9647435897435898,
        "recall": 1.0,
        "f1-score": 0.9820554649265905,
        "support": 301
    },
    "38": {
        "precision": 1.0,
        "recall": 0.9653979238754326,
        "f1-score": 0.9823943661971831,
        "support": 289
    },
    "39": {
        "precision": 0.9801324503311258,
        "recall": 0.9899665551839465,
        "f1-score": 0.9850249584026622,
        "support": 299
    },
    "40": {
        "precision": 0.9964285714285714,
        "recall": 1.0,
        "f1-score": 0.998211091234347,
        "support": 279
    },
    "41": {
        "precision": 0.98989898989899,
        "recall": 0.98,
        "f1-score": 0.9849246231155778,
        "support": 300
    },
    "42": {
        "precision": 1.0,
        "recall": 1.0,
        "f1-score": 1.0,
        "support": 319
    },
    "43": {
        "precision": 1.0,
        "recall": 1.0,
        "f1-score": 1.0,
        "support": 304
    },
    "44": {
        "precision": 0.9818840579710145,
        "recall": 0.9926739926739927,
        "f1-score": 0.9872495446265938,
        "support": 273
    },
    "45": {
        "precision": 1.0,
        "recall": 0.993920972644377,
        "f1-score": 0.9969512195121951,
        "support": 329
    },
    "46": {
        "precision": 1.0,
        "recall": 0.979381443298969,
        "f1-score": 0.9895833333333333,
        "support": 291
    },
    "47": {
        "precision": 1.0,
        "recall": 0.9967105263157895,
        "f1-score": 0.9983525535420099,
        "support": 304
    },
    "48": {
        "precision": 0.990228013029316,
        "recall": 0.990228013029316,
        "f1-score": 0.990228013029316,
        "support": 307
    },
    "49": {
        "precision": 0.9788732394366197,
        "recall": 1.0,
        "f1-score": 0.9893238434163701,
        "support": 278
    },
    "50": {
        "precision": 0.9866666666666667,
        "recall": 0.9932885906040269,
        "f1-score": 0.9899665551839465,
        "support": 298
    },
    "51": {
        "precision": 1.0,
        "recall": 0.9737704918032787,
        "f1-score": 0.9867109634551495,
        "support": 305
    },
    "52": {
        "precision": 0.9807073954983923,
        "recall": 1.0,