{
    "0": {
        "precision": 0.9680511182108626,
        "recall": 0.9742765273311897,
        "f1-score": 0.9711538461538463,
        "support": 311
    },
    "1": {
        "precision": 0.9628099173553719,
        "recall": 0.9914893617021276,
        "f1-score": 0.9769392033542977,
        "support": 235
    },
    "2": {
        "precision": 0.9834983498349835,
        "recall": 0.9933333333333333,
        "f1-score": 0.9883913764510779,
        "support": 300
    },
    "3": {
        "precision": 0.9793388429752066,
        "recall": 0.9957983193277311,
        "f1-score": 0.9875,
        "support": 238
    },
    "4": {
        "precision": 0.9967948717948718,
        "recall": 1.0,
        "f1-score": 0.9983948635634029,
        "support": 311
    },
    "5": {
        "precision": 0.993485342019544,
        "recall": 0.9967320261437909,
        "f1-score": 0.9951060358890701,
        "support": 306
    },
    "6": {
        "precision": 0.797945205479452,
        "recall": 1.0,
        "f1-score": 0.8876190476190476,
        "support": 233
    },
    "7": {
        "precision": 1.0,
        "recall": 0.9833333333333333,
        "f1-score": 0.9915966386554621,
        "support": 300
    },
    "8": {
        "precision": 0.9770114942528736,
        "recall": 0.99609375,
        "f1-score": 0.9864603481624759,
        "support": 256
    },
    "9": {
        "precision": 0.9865319865319865,
        "recall": 0.9512987012987013,
        "f1-score": 0.968595041322314,
        "support": 308
    },
    "10": {
        "precision": 0.954225352112676,
        "recall": 1.0,
        "f1-score": 0.9765765765765766,
        "support": 271
    },
    "11": {
        "precision": 0.96415770609319,
        "recall": 1.0,
        "f1-score": 0.9817518248175183,
        "support": 269
    },
    "12": {
        "precision": 0.9507389162561576,
        "recall": 0.9948453608247423,
        "f1-score": 0.9722921914357683,
        "support": 194
    },
    "13": {
        "precision": 0.9759036144578314,
        "recall": 1.0,
        "f1-score": 0.9878048780487805,
        "support": 243
    },
    "14": {
        "precision": 0.9624413145539906,
        "recall": 0.9234234234234234,
        "f1-score": 0.942528735632184,
        "support": 222
    },
    "15": {
        "precision": 0.9893238434163701,
        "recall": 0.8853503184713376,
        "f1-score": 0.934453781512605,
        "support": 314
    },
    "16": {
        "precision": 0.9511400651465798,
        "recall": 0.9965870307167235,
        "f1-score": 0.9733333333333333,
        "support": 293
    },
    "17": {
        "precision": 0.9968553459119497,
        "recall": 0.9937304075235109,
        "f1-score": 0.9952904238618524,
        "support": 319
    },
    "18": {
        "precision": 1.0,
        "recall": 0.9967637540453075,
        "f1-score": 0.9983792544570502,
        "support": 309
    },
    "19": {
        "precision": 0.9700996677740864,
        "recall": 1.0,
        "f1-score": 0.9848229342327149,
        "support": 292
    },
    "20": {
        "precision": 0.99644128113879,
        "recall": 0.9722222222222222,
        "f1-score": 0.984182776801406,
        "support": 288
    },
    "21": {
        "precision": 0.9638157894736842,
        "recall": 0.9606557377049181,
        "f1-score": 0.9622331691297209,
        "support": 305
    },
    "22": {
        "precision": 1.0,
        "recall": 0.996551724137931,
        "f1-score": 0.9982728842832469,
        "support": 290
    },
    "23": {
        "precision": 1.0,
        "recall": 0.9866666666666667,
        "f1-score": 0.9932885906040269,
        "support": 300
    },
    "24": {
        "precision": 0.9797297297297297,
        "recall": 0.9897610921501706,
        "f1-score": 0.9847198641765704,
        "support": 293
    },
    "25": {
        "precision": 0.9929824561403509,
        "recall": 0.9826388888888888,
        "f1-score": 0.987783595113438,
        "support": 288
    },
    "26": {
        "precision": 1.0,
        "recall": 0.9809523809523809,
        "f1-score": 0.9903846153846153,
        "support": 315
    },
    "27": {
        "precision": 1.0,
        "recall": 1.0,
        "f1-score": 1.0,
        "support": 319
    },
    "28": {
        "precision": 1.0,
        "recall": 0.9451612903225807,
        "f1-score": 0.9718076285240463,
        "support": 310
    },
    "29": {
        "precision": 0.9579288025889967,
        "recall": 0.9932885906040269,
        "f1-score": 0.9752883031301481,
        "support": 298
    },
    "30": {
        "precision": 1.0,
        "recall": 1.0,
        "f1-score": 1.0,
        "support": 296
    },
    "31": {
        "precision": 1.0,
        "recall": 1.0,
        "f1-score": 1.0,
        "support": 297
    },
    "32": {
        "precision": 0.9837133550488599,
        "recall": 0.9805194805194806,
        "f1-score": 0.9821138211382113,
        "support": 308
    },
    "33": {
        "precision": 0.9736842105263158,
        "recall": 0.9801324503311258,
        "f1-score": 0.976897689768977,
        "support": 302
    },
    "34": {
        "precision": 0.978021978021978,
        "recall": 0.9925650557620818,
        "f1-score": 0.985239852398524,
        "support": 269
    },
    "35": {
        "precision": 0.9966666666666667,
        "recall": 1.0,
        "f1-score": 0.9983305509181971,
        "support": 299
    },
    "36": {
        "precision": 0.9964788732394366,
        "recall": 1.0,
        "f1-score": 0.998236331569665,
        "support": 283
    },
    "37": {
        "precision": 0.9900990099009901,
        "recall": 0.9966777408637874,
        "f1-score": 0.9933774834437086,
        "support": 301
    },
    "38": {
        "precision": 0.9829931972789115,
        "recall": 1.0,
        "f1-score": 0.9914236706689538,
        "support": 289
    },
    "39": {
        "precision": 0.9966555183946488,
        "recall": 0.9966555183946488,
        "f1-score": 0.9966555183946488,
        "support": 299
    },
    "40": {
        "precision": 0.9964285714285714,
        "recall": 1.0,
        "f1-score": 0.998211091234347,
        "support": 279
    },
    "41": {
        "precision": 0.9966442953020134,
        "recall": 0.99,
        "f1-score": 0.9933110367892976,
        "support": 300
    },
    "42": {
        "precision": 1.0,
        "recall": 0.9968652037617555,
        "f1-score": 0.9984301412872841,
        "support": 319
    },
    "43": {
        "precision": 1.0,
        "recall": 1.0,
        "f1-score": 1.0,
        "support": 304
    },
    "44": {
        "precision": 0.9891304347826086,
        "recall": 1.0,
        "f1-score": 0.994535519125683,
        "support": 273
    },
    "45": {
        "precision": 1.0,
        "recall": 1.0,
        "f1-score": 1.0,
        "support": 329
    },
    "46": {
        "precision": 0.9795918367346939,
        "recall": 0.9896907216494846,
        "f1-score": 0.9846153846153847,
        "support": 291
    },
    "47": {
        "precision": 1.0,
        "recall": 1.0,
        "f1-score": 1.0,
        "support": 304
    },
    "48": {
        "precision": 0.9902912621359223,
        "recall": 0.996742671009772,
        "f1-score": 0.9935064935064936,
        "support": 307
    },
    "49": {
        "precision": 0.9928571428571429,
        "recall": 1.0,
        "f1-score": 0.996415770609319,
        "support": 278
    },
    "50": {
        "precision": 0.9966555183946488,
        "recall": 1.0,
        "f1-score": 0.998324958123953,
        "support": 298
    },
    "51": {
        "precision": 1.0,
        "recall": 1.0,
        "f1-score": 1.0,
        "support": 305
    },
    "52": {
        "precision": 1.0,
        "recall": 0.9967213114754099,
        "f1-score": 0.9983579638752053,
        "support": 305
    },
    "53": {
        "precision": 0.9936507936507937,
        "recall": 1.0,
        "f1-score": 0.9968152866242038,
        "support": 313
    },