{
    "0": {
        "precision": 0.9870967741935484,
        "recall": 0.9839228295819936,
        "f1-score": 0.9855072463768115,
        "support": 311
    },
    "1": {
        "precision": 0.9510204081632653,
        "recall": 0.9914893617021276,
        "f1-score": 0.9708333333333332,
        "support": 235
    },
    "2": {
        "precision": 1.0,
        "recall": 0.9933333333333333,
        "f1-score": 0.9966555183946488,
        "support": 300
    },
    "3": {
        "precision": 0.9916666666666667,
        "recall": 1.0,
        "f1-score": 0.99581589958159,
        "support": 238
    },
    "4": {
        "precision": 1.0,
        "recall": 0.9967845659163987,
        "f1-score": 0.998389694041868,
        "support": 311
    },
    "5": {
        "precision": 0.9901960784313726,
        "recall": 0.9901960784313726,
        "f1-score": 0.9901960784313726,
        "support": 306
    },
    "6": {
        "precision": 0.9666666666666667,
        "recall": 0.9957081545064378,
        "f1-score": 0.9809725158562368,
        "support": 233
    },
    "7": {
        "precision": 0.9584664536741214,
        "recall": 1.0,
        "f1-score": 0.9787928221859706,
        "support": 300
    },
    "8": {
        "precision": 0.9588014981273408,
        "recall": 1.0,
        "f1-score": 0.9789674952198852,
        "support": 256
    },
    "9": {
        "precision": 0.9903225806451613,
        "recall": 0.9967532467532467,
        "f1-score": 0.993527508090615,
        "support": 308
    },
    "10": {
        "precision": 0.9155405405405406,
        "recall": 1.0,
        "f1-score": 0.9559082892416226,
        "support": 271
    },
    "11": {
        "precision": 0.9781818181818182,
        "recall": 1.0,
        "f1-score": 0.9889705882352942,
        "support": 269
    },
    "12": {
        "precision": 0.9846153846153847,
        "recall": 0.9896907216494846,
        "f1-score": 0.9871465295629821,
        "support": 194
    },
    "13": {
        "precision": 0.9758064516129032,
        "recall": 0.9958847736625515,
        "f1-score": 0.9857433808553973,
        "support": 243
    },
    "14": {
        "precision": 0.9567099567099567,
        "recall": 0.9954954954954955,
        "f1-score": 0.9757174392935982,
        "support": 222
    },
    "15": {
        "precision": 0.9867109634551495,
        "recall": 0.945859872611465,
        "f1-score": 0.9658536585365853,
        "support": 314
    },
    "16": {
        "precision": 0.9965870307167235,
        "recall": 0.9965870307167235,
        "f1-score": 0.9965870307167235,
        "support": 293
    },
    "17": {
        "precision": 0.987460815047022,
        "recall": 0.987460815047022,
        "f1-score": 0.987460815047022,
        "support": 319
    },
    "18": {
        "precision": 0.9747634069400631,
        "recall": 1.0,
        "f1-score": 0.987220447284345,
        "support": 309
    },
    "19": {
        "precision": 0.993127147766323,
        "recall": 0.9897260273972602,
        "f1-score": 0.9914236706689536,
        "support": 292
    },
    "20": {
        "precision": 0.9661016949152542,
        "recall": 0.9895833333333334,
        "f1-score": 0.9777015437392796,
        "support": 288
    },
    "21": {
        "precision": 0.9741100323624595,
        "recall": 0.9868852459016394,
        "f1-score": 0.9804560260586319,
        "support": 305
    },
    "22": {
        "precision": 1.0,
        "recall": 0.996551724137931,
        "f1-score": 0.9982728842832469,
        "support": 290
    },
    "23": {
        "precision": 1.0,
        "recall": 0.9933333333333333,
        "f1-score": 0.9966555183946488,
        "support": 300
    },
    "24": {
        "precision": 0.9965397923875432,
        "recall": 0.9829351535836177,
        "f1-score": 0.9896907216494845,
        "support": 293
    },
    "25": {
        "precision": 0.992831541218638,
        "recall": 0.9618055555555556,
        "f1-score": 0.9770723104056439,
        "support": 288
    },
    "26": {
        "precision": 0.9936708860759493,
        "recall": 0.9968253968253968,
        "f1-score": 0.9952456418383518,
        "support": 315
    },
    "27": {
        "precision": 0.9937694704049844,
        "recall": 1.0,
        "f1-score": 0.996875,
        "support": 319
    },
    "28": {
        "precision": 0.9840764331210191,
        "recall": 0.9967741935483871,
        "f1-score": 0.9903846153846153,
        "support": 310
    },
    "29": {
        "precision": 1.0,
        "recall": 0.9899328859060402,
        "f1-score": 0.9949409780775718,
        "support": 298
    },
    "30": {
        "precision": 0.9932885906040269,
        "recall": 1.0,
        "f1-score": 0.9966329966329966,
        "support": 296
    },
    "31": {
        "precision": 1.0,
        "recall": 0.9932659932659933,
        "f1-score": 0.9966216216216216,
        "support": 297
    },
    "32": {
        "precision": 0.9934640522875817,
        "recall": 0.987012987012987,
        "f1-score": 0.990228013029316,
        "support": 308
    },
    "33": {
        "precision": 0.9862542955326461,
        "recall": 0.9503311258278145,
        "f1-score": 0.9679595278246205,
        "support": 302
    },
    "34": {
        "precision": 0.9888475836431226,
        "recall": 0.9888475836431226,
        "f1-score": 0.9888475836431226,
        "support": 269
    },
    "35": {
        "precision": 0.9966442953020134,
        "recall": 0.9933110367892977,
        "f1-score": 0.9949748743718593,
        "support": 299
    },
    "36": {
        "precision": 1.0,
        "recall": 1.0,
        "f1-score": 1.0,
        "support": 283
    },
    "37": {
        "precision": 0.9678456591639871,
        "recall": 1.0,
        "f1-score": 0.9836601307189543,
        "support": 301
    },
    "38": {
        "precision": 0.9863013698630136,
        "recall": 0.9965397923875432,
        "f1-score": 0.9913941480206541,
        "support": 289
    },
    "39": {
        "precision": 0.9867549668874173,
        "recall": 0.9966555183946488,
        "f1-score": 0.9916805324459235,
        "support": 299
    },
    "40": {
        "precision": 0.9964028776978417,
        "recall": 0.992831541218638,
        "f1-score": 0.9946140035906642,
        "support": 279
    },
    "41": {
        "precision": 1.0,
        "recall": 0.9833333333333333,
        "f1-score": 0.9915966386554621,
        "support": 300
    },
    "42": {
        "precision": 0.9968652037617555,
        "recall": 0.9968652037617555,
        "f1-score": 0.9968652037617555,
        "support": 319
    },
    "43": {
        "precision": 1.0,
        "recall": 0.9967105263157895,
        "f1-score": 0.9983525535420099,
        "support": 304
    },
    "44": {
        "precision": 0.9890909090909091,
        "recall": 0.9963369963369964,
        "f1-score": 0.9927007299270072,
        "support": 273
    },
    "45": {
        "precision": 1.0,
        "recall": 1.0,
        "f1-score": 1.0,
        "support": 329
    },
    "46": {
        "precision": 0.9863013698630136,
        "recall": 0.9896907216494846,
        "f1-score": 0.9879931389365352,
        "support": 291
    },
    "47": {
        "precision": 1.0,
        "recall": 1.0,
        "f1-score": 1.0,
        "support": 304
    },
    "48": {
        "precision": 0.9871382636655949,
        "recall": 1.0,
        "f1-score": 0.9935275080906149,
        "support": 307
    },
    "49": {
        "precision": 0.9823321554770318,
        "recall": 1.0,
        "f1-score": 0.9910873440285205,
        "support": 278
    },
    "50": {
        "precision": 0.9966442953020134,
        "recall": 0.9966442953020134,
        "f1-score": 0.9966442953020134,
        "support": 298
    },
    "51": {
        "precision": 1.0,
        "recall": 1.0,
        "f1-score": 1.0,
        "support": 305
    },
    "52": {
        "precision": 0.9967320261437909,
        "recall": 1.0,
        "f1-score": 0.9983633387888707,