{
    "0": {
        "precision": 0.941358024691358,
        "recall": 0.9807073954983923,
        "f1-score": 0.9606299212598425,
        "support": 311
    },
    "1": {
        "precision": 0.9665271966527197,
        "recall": 0.9829787234042553,
        "f1-score": 0.9746835443037974,
        "support": 235
    },
    "2": {
        "precision": 1.0,
        "recall": 0.9833333333333333,
        "f1-score": 0.9915966386554621,
        "support": 300
    },
    "3": {
        "precision": 1.0,
        "recall": 0.9663865546218487,
        "f1-score": 0.9829059829059829,
        "support": 238
    },
    "4": {
        "precision": 0.9936102236421726,
        "recall": 1.0,
        "f1-score": 0.9967948717948718,
        "support": 311
    },
    "5": {
        "precision": 0.9934640522875817,
        "recall": 0.9934640522875817,
        "f1-score": 0.9934640522875817,
        "support": 306
    },
    "6": {
        "precision": 0.9956331877729258,
        "recall": 0.9785407725321889,
        "f1-score": 0.9870129870129871,
        "support": 233
    },
    "7": {
        "precision": 0.9933110367892977,
        "recall": 0.99,
        "f1-score": 0.9916527545909849,
        "support": 300
    },
    "8": {
        "precision": 0.9696969696969697,
        "recall": 1.0,
        "f1-score": 0.9846153846153847,
        "support": 256
    },
    "9": {
        "precision": 0.9870550161812298,
        "recall": 0.9902597402597403,
        "f1-score": 0.9886547811993518,
        "support": 308
    },
    "10": {
        "precision": 0.9765625,
        "recall": 0.922509225092251,
        "f1-score": 0.9487666034155599,
        "support": 271
    },
    "11": {
        "precision": 1.0,
        "recall": 0.9925650557620818,
        "f1-score": 0.9962686567164178,
        "support": 269
    },
    "12": {
        "precision": 0.9747474747474747,
        "recall": 0.9948453608247423,
        "f1-score": 0.9846938775510204,
        "support": 194
    },
    "13": {
        "precision": 0.9759036144578314,
        "recall": 1.0,
        "f1-score": 0.9878048780487805,
        "support": 243
    },
    "14": {
        "precision": 0.963963963963964,
        "recall": 0.963963963963964,
        "f1-score": 0.963963963963964,
        "support": 222
    },
    "15": {
        "precision": 0.9966216216216216,
        "recall": 0.9394904458598726,
        "f1-score": 0.9672131147540984,
        "support": 314
    },
    "16": {
        "precision": 0.9701986754966887,
        "recall": 1.0,
        "f1-score": 0.9848739495798319,
        "support": 293
    },
    "17": {
        "precision": 0.9544072948328267,
        "recall": 0.9843260188087775,
        "f1-score": 0.9691358024691358,
        "support": 319
    },
    "18": {
        "precision": 1.0,
        "recall": 1.0,
        "f1-score": 1.0,
        "support": 309
    },
    "19": {
        "precision": 0.9897610921501706,
        "recall": 0.9931506849315068,
        "f1-score": 0.9914529914529915,
        "support": 292
    },
    "20": {
        "precision": 0.9076433121019108,
        "recall": 0.9895833333333334,
        "f1-score": 0.9468438538205981,
        "support": 288
    },
    "21": {
        "precision": 0.9833333333333333,
        "recall": 0.9672131147540983,
        "f1-score": 0.9752066115702478,
        "support": 305
    },
    "22": {
        "precision": 0.9965635738831615,
        "recall": 1.0,
        "f1-score": 0.9982788296041308,
        "support": 290
    },
    "23": {
        "precision": 0.946031746031746,
        "recall": 0.9933333333333333,
        "f1-score": 0.9691056910569105,
        "support": 300
    },
    "24": {
        "precision": 0.9931740614334471,
        "recall": 0.9931740614334471,
        "f1-score": 0.9931740614334471,
        "support": 293
    },
    "25": {
        "precision": 0.9964912280701754,
        "recall": 0.9861111111111112,
        "f1-score": 0.9912739965095986,
        "support": 288
    },
    "26": {
        "precision": 0.9968354430379747,
        "recall": 1.0,
        "f1-score": 0.9984152139461173,
        "support": 315
    },
    "27": {
        "precision": 0.996875,
        "recall": 1.0,
        "f1-score": 0.9984350547730829,
        "support": 319
    },
    "28": {
        "precision": 0.959375,
        "recall": 0.9903225806451613,
        "f1-score": 0.9746031746031746,
        "support": 310
    },
    "29": {
        "precision": 1.0,
        "recall": 0.9865771812080537,
        "f1-score": 0.9932432432432432,
        "support": 298
    },
    "30": {
        "precision": 0.996551724137931,
        "recall": 0.9763513513513513,
        "f1-score": 0.9863481228668941,
        "support": 296
    },
    "31": {
        "precision": 1.0,
        "recall": 0.9966329966329966,
        "f1-score": 0.9983136593591906,
        "support": 297
    },
    "32": {
        "precision": 0.9902597402597403,
        "recall": 0.9902597402597403,
        "f1-score": 0.9902597402597403,
        "support": 308
    },
    "33": {
        "precision": 0.9891304347826086,
        "recall": 0.9039735099337748,
        "f1-score": 0.9446366782006921,
        "support": 302
    },
    "34": {
        "precision": 0.974169741697417,
        "recall": 0.9814126394052045,
        "f1-score": 0.9777777777777777,
        "support": 269
    },
    "35": {
        "precision": 0.9966666666666667,
        "recall": 1.0,
        "f1-score": 0.9983305509181971,
        "support": 299
    },
    "36": {
        "precision": 0.9962825278810409,
        "recall": 0.9469964664310954,
        "f1-score": 0.9710144927536232,
        "support": 283
    },
    "37": {
        "precision": 1.0,
        "recall": 0.9900332225913622,
        "f1-score": 0.994991652754591,
        "support": 301
    },
    "38": {
        "precision": 0.9965397923875432,
        "recall": 0.9965397923875432,
        "f1-score": 0.9965397923875432,
        "support": 289
    },
    "39": {
        "precision": 0.9966666666666667,
        "recall": 1.0,
        "f1-score": 0.9983305509181971,
        "support": 299
    },
    "40": {
        "precision": 1.0,
        "recall": 0.996415770609319,
        "f1-score": 0.9982046678635548,
        "support": 279
    },
    "41": {
        "precision": 0.9863481228668942,
        "recall": 0.9633333333333334,
        "f1-score": 0.9747048903878585,
        "support": 300
    },
    "42": {
        "precision": 0.9968553459119497,
        "recall": 0.9937304075235109,
        "f1-score": 0.9952904238618524,
        "support": 319
    },
    "43": {
        "precision": 1.0,
        "recall": 1.0,
        "f1-score": 1.0,
        "support": 304
    },
    "44": {
        "precision": 0.9927007299270073,
        "recall": 0.9963369963369964,
        "f1-score": 0.9945155393053016,
        "support": 273
    },
    "45": {
        "precision": 0.996969696969697,
        "recall": 1.0,
        "f1-score": 0.9984825493171471,
        "support": 329
    },
    "46": {
        "precision": 0.9897610921501706,
        "recall": 0.9965635738831615,
        "f1-score": 0.9931506849315068,
        "support": 291
    },
    "47": {
        "precision": 1.0,
        "recall": 0.9967105263157895,
        "f1-score": 0.9983525535420099,
        "support": 304
    },
    "48": {
        "precision": 0.9746031746031746,
        "recall": 1.0,
        "f1-score": 0.9871382636655948,
        "support": 307
    },
    "49": {
        "precision": 0.9964028776978417,
        "recall": 0.9964028776978417,
        "f1-score": 0.9964028776978417,
        "support": 278
    },
    "50": {
        "precision": 0.9932885906040269,
        "recall": 0.9932885906040269,
        "f1-score": 0.9932885906040269,
        "support": 298
    },
    "51": {
        "precision": 1.0,
        "recall": 1.0,
        "f1-score": 1.0,
        "support": 305
    },
    "52": {
        "precision": 0.9967320261437909,
        "recall": 1.0,